 INSERT INTO user_table (firstname, lastname, email, username, password, created_at) VALUES ('Amy', 'Velez', 'oharvey@example.com', 'diazkimberly', '#jyk9ZLa_8', '2023-01-08 01:25:52');
INSERT INTO user_table (firstname, lastname, email, username, password, created_at) VALUES ('Jon', 'Hansen', 'suzanne57@example.com', 'danielsmith', '!XI9#uQz4L', '2023-04-02 14:07:35');
INSERT INTO user_table (firstname, lastname, email, username, password, created_at) VALUES ('Mia', 'Gillespie', 'ambercolon@example.com', 'melinda85', 'ZY4HdzvGH&', '2023-05-30 01:25:25');
INSERT INTO user_table (firstname, lastname, email, username, password, created_at) VALUES ('Edwin', 'Cherry', 'rgrant@example.com', 'jenniferbyrd', '&^UO0T!wk3', '2023-05-30 16:25:04');
INSERT INTO user_table (firstname, lastname, email, username, password, created_at) VALUES ('Bruce', 'Lloyd', 'bwelch@example.net', 'hannahcampbell', '$b%5SiEbWV', '2023-02-11 20:34:12');
INSERT INTO user_table (firstname, lastname, email, username, password, created_at) VALUES ('Krystal', 'Guzman', 'bonnie99@example.net', 'katrina09', 'n54YiBpE%u', '2023-03-28 12:53:41');
INSERT INTO user_table (firstname, lastname, email, username, password, created_at) VALUES ('Michael', 'Leonard', 'devon48@example.net', 'barbara53', '@h9D6B8pr5', '2023-03-20 21:50:53');
INSERT INTO user_table (firstname, lastname, email, username, password, created_at) VALUES ('Kevin', 'Brown', 'kellercheryl@example.org', 'moorealice', '+14zZpDmFt', '2023-05-23 22:49:33');
INSERT INTO user_table (firstname, lastname, email, username, password, created_at) VALUES ('Michelle', 'Schmidt', 'pdickerson@example.com', 'jasondavis', 'n8KCKtk)_w', '2023-06-11 10:57:22');
INSERT INTO user_table (firstname, lastname, email, username, password, created_at) VALUES ('Heather', 'Singleton', 'ballpatricia@example.org', 'mindysolis', '4#11yWm+(I', '2023-05-04 00:55:30');
INSERT INTO user_table (firstname, lastname, email, username, password, created_at) VALUES ('Gabriel', 'Pittman', 'michaelgallagher@example.net', 'bergerelizabeth', '%*09WEc@Dy', '2023-06-15 18:33:29');
INSERT INTO user_table (firstname, lastname, email, username, password, created_at) VALUES ('Shawn', 'Carter', 'mthompson@example.net', 'olsenjudy', '_1(ooRCicJ', '2023-02-15 14:15:03');
INSERT INTO user_table (firstname, lastname, email, username, password, created_at) VALUES ('Katherine', 'Johnston', 'todd72@example.com', 'jenniferfranklin', 'Y$0f7BuoZt', '2023-03-06 12:59:56');
INSERT INTO user_table (firstname, lastname, email, username, password, created_at) VALUES ('Ethan', 'Bailey', 'brettdennis@example.net', 'william35', '@H3XjRmk3P', '2023-06-21 22:16:07');
INSERT INTO user_table (firstname, lastname, email, username, password, created_at) VALUES ('Rebecca', 'Greene', 'psmith@example.com', 'xgutierrez', '0h_1BGhh63', '2023-01-04 23:33:41');
INSERT INTO user_table (firstname, lastname, email, username, password, created_at) VALUES ('Annette', 'Navarro', 'sbond@example.org', 'dudleybrian', ')2E%w0!a_T', '2023-01-19 14:50:56');
INSERT INTO user_table (firstname, lastname, email, username, password, created_at) VALUES ('Timothy', 'Li', 'gcoleman@example.com', 'wheelerbarbara', '1*1Hspy*W2', '2023-03-09 20:10:39');
INSERT INTO user_table (firstname, lastname, email, username, password, created_at) VALUES ('Anthony', 'Baker', 'david68@example.net', 'sandrapeterson', '(e!96Var0d', '2023-03-14 12:13:38');
INSERT INTO user_table (firstname, lastname, email, username, password, created_at) VALUES ('Jessica', 'Nolan', 'dianajackson@example.org', 'shannonfranklin', 'RE5WdzqXn&', '2023-03-08 09:49:01');
INSERT INTO user_table (firstname, lastname, email, username, password, created_at) VALUES ('Caleb', 'Mullen', 'edward03@example.net', 'nicholas85', '2VEVvjS3_m', '2023-01-11 23:55:01');
INSERT INTO user_table (firstname, lastname, email, username, password, created_at) VALUES ('Victor', 'Gonzalez', 'jesussmith@example.com', 'danielmatthew', 'sl4g7R$_((', '2023-06-07 07:17:38');
INSERT INTO user_table (firstname, lastname, email, username, password, created_at) VALUES ('Christopher', 'Simmons', 'joseph51@example.com', 'masseystacey', 's!O4F!zyi)', '2023-01-30 07:58:49');
INSERT INTO user_table (firstname, lastname, email, username, password, created_at) VALUES ('Emily', 'Young', 'kpacheco@example.com', 'davidpena', '!GnVkjhIu6', '2023-05-29 23:06:41');
INSERT INTO user_table (firstname, lastname, email, username, password, created_at) VALUES ('Frank', 'Small', 'ecarson@example.org', 'harrisdavid', 'X(K1h7Tf&f', '2023-01-26 01:30:19');
INSERT INTO user_table (firstname, lastname, email, username, password, created_at) VALUES ('Linda', 'Roberts', 'rodriguezthomas@example.com', 'ramirezlawrence', '%17bQ$GqBd', '2023-02-14 19:51:32');
INSERT INTO user_table (firstname, lastname, email, username, password, created_at) VALUES ('Andrew', 'Aguilar', 'hurstjulian@example.net', 'taylorandrew', 'N8vcP^fl#7', '2023-05-02 03:59:10');
INSERT INTO user_table (firstname, lastname, email, username, password, created_at) VALUES ('Vanessa', 'Brown', 'john17@example.org', 'alexander88', '#4bOSTdr4D', '2023-05-04 00:49:51');
INSERT INTO user_table (firstname, lastname, email, username, password, created_at) VALUES ('Shelby', 'Hinton', 'stephendillon@example.org', 'shannonmullen', 'DSr6YGly^1', '2023-06-14 20:45:50');
INSERT INTO user_table (firstname, lastname, email, username, password, created_at) VALUES ('Brenda', 'Jacobs', 'williamwalsh@example.com', 'johnhayes', 'Y_8(DaAbcM', '2023-01-04 01:39:52');
INSERT INTO user_table (firstname, lastname, email, username, password, created_at) VALUES ('Jessica', 'Sanchez', 'nobrien@example.net', 'marklarson', 'fg8JojTj*_', '2023-06-24 00:32:59');
INSERT INTO user_table (firstname, lastname, email, username, password, created_at) VALUES ('Natasha', 'Collins', 'xcalhoun@example.org', 'npeterson', '2JkPAmF4!7', '2023-04-20 19:18:47');
INSERT INTO user_table (firstname, lastname, email, username, password, created_at) VALUES ('Chad', 'Lee', 'ygutierrez@example.org', 'robertwade', '$8&bQT0lK2', '2023-04-20 21:09:59');
INSERT INTO user_table (firstname, lastname, email, username, password, created_at) VALUES ('Theresa', 'Boyd', 'annette58@example.org', 'taylorchristopher', 'SQ+H7Ml%yB', '2023-04-24 04:09:53');
INSERT INTO user_table (firstname, lastname, email, username, password, created_at) VALUES ('Katie', 'Gomez', 'marysutton@example.org', 'janetboyd', 'i!8B@nFmT$', '2023-02-09 23:06:08');
INSERT INTO user_table (firstname, lastname, email, username, password, created_at) VALUES ('James', 'Davis', 'samuel01@example.net', 'gomezedwin', 'z(6^PZGtn6', '2023-01-21 20:01:03');
INSERT INTO user_table (firstname, lastname, email, username, password, created_at) VALUES ('Jessica', 'Mahoney', 'asmith@example.org', 'jenniferherrera', '!78*RKHg76', '2023-05-11 05:57:38');
INSERT INTO user_table (firstname, lastname, email, username, password, created_at) VALUES ('Jesse', 'Watson', 'kpitts@example.com', 'powellanthony', '26*mV_Ah&#', '2023-03-19 09:35:08');
INSERT INTO user_table (firstname, lastname, email, username, password, created_at) VALUES ('James', 'Wallace', 'anna01@example.net', 'christianlopez', '#3EF+LefV6', '2023-04-17 21:40:24');
INSERT INTO user_table (firstname, lastname, email, username, password, created_at) VALUES ('Erica', 'Carr', 'howellmatthew@example.net', 'gregory64', '!sE9WAt6+A', '2023-05-31 14:21:21');
INSERT INTO user_table (firstname, lastname, email, username, password, created_at) VALUES ('Brandon', 'Brown', 'curtis58@example.com', 'hinesmelissa', 'CzCiOJzB$8', '2023-05-18 16:46:56');
INSERT INTO user_table (firstname, lastname, email, username, password, created_at) VALUES ('Brandon', 'Cook', 'daryl94@example.com', 'mackenzie45', 'c4XWUB)4_!', '2023-01-17 08:33:54');
INSERT INTO user_table (firstname, lastname, email, username, password, created_at) VALUES ('Charles', 'Perry', 'inelson@example.org', 'callahanlaura', '!i0Xiufo!K', '2023-06-06 20:38:36');
INSERT INTO user_table (firstname, lastname, email, username, password, created_at) VALUES ('Ashley', 'Fowler', 'blane@example.net', 'wanderson', '*9J(%kpXWx', '2023-04-16 22:32:16');
INSERT INTO user_table (firstname, lastname, email, username, password, created_at) VALUES ('Jared', 'Watkins', 'nicole64@example.org', 'jennifer22', 'YJfZM_kk(9', '2023-04-17 17:58:19');
INSERT INTO user_table (firstname, lastname, email, username, password, created_at) VALUES ('Mark', 'Jones', 'alexandernewman@example.com', 'susanduncan', 'LcWewtJM)5', '2023-02-10 08:14:29');
INSERT INTO user_table (firstname, lastname, email, username, password, created_at) VALUES ('Henry', 'Romero', 'melvin86@example.com', 'oliviathompson', 'b@P5IjJq29', '2023-01-14 03:24:00');
INSERT INTO user_table (firstname, lastname, email, username, password, created_at) VALUES ('Sergio', 'Petty', 'tammy13@example.com', 'melissawyatt', '5aQm06PT#+', '2023-04-05 04:32:04');
INSERT INTO user_table (firstname, lastname, email, username, password, created_at) VALUES ('Brendan', 'Pierce', 'james50@example.net', 'samantha00', 'D7OgbMdd+y', '2023-02-05 22:27:03');
INSERT INTO user_table (firstname, lastname, email, username, password, created_at) VALUES ('Alexandra', 'Morrison', 'meyerdenise@example.net', 'ashleyevans', 'a_8nrPl7*n', '2023-03-19 18:55:19');
INSERT INTO user_table (firstname, lastname, email, username, password, created_at) VALUES ('Alexander', 'Jackson', 'jessica12@example.org', 'daviswilliam', 'DZ6Q2MfF(P', '2023-06-08 03:25:03');
INSERT INTO user_table (firstname, lastname, email, username, password, created_at) VALUES ('Jason', 'Wagner', 'greencameron@example.net', 'cameroncody', 'R#8Yzfdc(j', '2023-01-11 22:23:26');
INSERT INTO user_table (firstname, lastname, email, username, password, created_at) VALUES ('Tracy', 'Harris', 'averykurt@example.org', 'sarahbrown', '^W)4jtdm@1', '2023-02-05 10:51:04');
INSERT INTO user_table (firstname, lastname, email, username, password, created_at) VALUES ('Denise', 'Frank', 'qwhitaker@example.com', 'sotodiana', 'EiTDwvw)@2', '2023-02-06 09:02:37');
INSERT INTO user_table (firstname, lastname, email, username, password, created_at) VALUES ('Stacey', 'Thomas', 'brennanmartha@example.net', 'martinezangela', '^AQ3CXMz&U', '2023-03-03 20:16:57');
INSERT INTO user_table (firstname, lastname, email, username, password, created_at) VALUES ('Stacey', 'Harmon', 'yhart@example.org', 'aarondean', 'N68GbVaT@o', '2023-06-20 21:02:17');
INSERT INTO user_table (firstname, lastname, email, username, password, created_at) VALUES ('Maria', 'Patterson', 'brittney78@example.net', 'hillmaria', '$%5J(5PF%d', '2023-04-22 09:44:58');
INSERT INTO user_table (firstname, lastname, email, username, password, created_at) VALUES ('Jimmy', 'Foster', 'daniel50@example.com', 'sarahscott', 'wyj0zB@q)i', '2023-03-02 20:30:09');
INSERT INTO user_table (firstname, lastname, email, username, password, created_at) VALUES ('Peter', 'Lopez', 'wilsondavid@example.net', 'whitestephanie', '_52D_yl+ca', '2023-03-03 16:22:40');
INSERT INTO user_table (firstname, lastname, email, username, password, created_at) VALUES ('Matthew', 'Leblanc', 'zgomez@example.net', 'brownstacy', '*r2PuTxgyq', '2023-05-17 15:59:30');
INSERT INTO user_table (firstname, lastname, email, username, password, created_at) VALUES ('Ashley', 'Gordon', 'sean08@example.com', 'gutierrezlaura', '4d%EZahZ$M', '2023-06-05 18:06:31');
INSERT INTO user_table (firstname, lastname, email, username, password, created_at) VALUES ('Janet', 'Green', 'hansonashley@example.com', 'lisawoods', '+L40uHMt@U', '2023-05-22 23:06:10');
INSERT INTO user_table (firstname, lastname, email, username, password, created_at) VALUES ('Joseph', 'Sanchez', 'richard67@example.com', 'comptonmark', '93Qn$H2w#x', '2023-04-09 10:48:37');
INSERT INTO user_table (firstname, lastname, email, username, password, created_at) VALUES ('Brian', 'Lee', 'robert71@example.org', 'atkinsonpaul', 'qH26!TEp%H', '2023-02-02 06:12:05');
INSERT INTO user_table (firstname, lastname, email, username, password, created_at) VALUES ('Laura', 'Bauer', 'sanderson@example.net', 'theresa37', 'PLKw)*#e)2', '2023-04-17 07:38:03');
INSERT INTO user_table (firstname, lastname, email, username, password, created_at) VALUES ('Debra', 'Watson', 'landrynicole@example.org', 'joshuaferguson', 'Kz8t^XJt*D', '2023-04-29 23:52:33');
INSERT INTO user_table (firstname, lastname, email, username, password, created_at) VALUES ('Dennis', 'Watkins', 'hlee@example.net', 'xavierwhitney', 'QToht9Jql)', '2023-05-24 04:46:41');
INSERT INTO user_table (firstname, lastname, email, username, password, created_at) VALUES ('Elizabeth', 'Gray', 'maryhampton@example.com', 'russellallen', ')iuE*paY$6', '2023-05-23 19:50:45');
INSERT INTO user_table (firstname, lastname, email, username, password, created_at) VALUES ('Karen', 'Lowe', 'james04@example.net', 'andrewkline', 'Z6S#So2+_2', '2023-04-14 01:18:32');
INSERT INTO user_table (firstname, lastname, email, username, password, created_at) VALUES ('Brittany', 'Smith', 'archereric@example.net', 'townsendaustin', '+CTmxA1Fb0', '2023-02-06 15:14:49');
INSERT INTO user_table (firstname, lastname, email, username, password, created_at) VALUES ('Joyce', 'Page', 'joseph48@example.org', 'wrightmelinda', '#D6ATK%nhV', '2023-01-21 00:55:43');
INSERT INTO user_table (firstname, lastname, email, username, password, created_at) VALUES ('Molly', 'Kelley', 'gabriellamiller@example.net', 'mcknightpaul', 'dt%06XGvy^', '2023-03-25 07:29:38');
INSERT INTO user_table (firstname, lastname, email, username, password, created_at) VALUES ('Caleb', 'Williams', 'bhowell@example.org', 'shellyphillips', 'gS5X5DxoO@', '2023-06-09 17:09:55');
INSERT INTO user_table (firstname, lastname, email, username, password, created_at) VALUES ('Robin', 'Johnson', 'deniseturner@example.net', 'mrandolph', 'Q7D46vUc$Y', '2023-06-25 11:12:39');
INSERT INTO user_table (firstname, lastname, email, username, password, created_at) VALUES ('Keith', 'Fields', 'jillwang@example.org', 'garciamichael', 'C_R5USvkFT', '2023-04-05 19:41:18');
INSERT INTO user_table (firstname, lastname, email, username, password, created_at) VALUES ('Jeff', 'Barnes', 'griffithmargaret@example.net', 'andreasanchez', '(Y0gjC+z$U', '2023-06-12 14:58:50');
INSERT INTO user_table (firstname, lastname, email, username, password, created_at) VALUES ('Jacob', 'Lewis', 'skirby@example.com', 'moorebarbara', '!DQ@IVpob2', '2023-06-04 17:07:04');
INSERT INTO user_table (firstname, lastname, email, username, password, created_at) VALUES ('Dawn', 'Harvey', 'triciaclark@example.org', 'taylorjessica', 'suX&3WBoE*', '2023-03-22 03:49:14');
INSERT INTO user_table (firstname, lastname, email, username, password, created_at) VALUES ('Teresa', 'Reid', 'brandongraham@example.net', 'franciscogarner', '_2spIu+D7A', '2023-01-28 10:18:23');
INSERT INTO user_table (firstname, lastname, email, username, password, created_at) VALUES ('Jeremy', 'Fernandez', 'hamiltonkevin@example.com', 'alexanderanderson', '37_(VA!K_e', '2023-02-21 10:49:50');
INSERT INTO user_table (firstname, lastname, email, username, password, created_at) VALUES ('Eric', 'Fuentes', 'rebekah29@example.com', 'derekparrish', 'A*6jXoOhcW', '2023-04-22 04:57:27');
INSERT INTO user_table (firstname, lastname, email, username, password, created_at) VALUES ('Erin', 'Hahn', 'polsen@example.net', 'pattersonveronica', ')Z75XPdumv', '2023-04-24 13:38:00');
INSERT INTO user_table (firstname, lastname, email, username, password, created_at) VALUES ('Wendy', 'Brooks', 'washingtonerika@example.net', 'kcampbell', 'ElXK0fXk*2', '2023-01-08 06:51:32');
INSERT INTO user_table (firstname, lastname, email, username, password, created_at) VALUES ('Michael', 'Bennett', 'turnercody@example.org', 'griffinhannah', 'm3VYLWlZ&6', '2023-06-24 20:32:41');
INSERT INTO user_table (firstname, lastname, email, username, password, created_at) VALUES ('Melissa', 'Reed', 'chelseaolson@example.com', 'jessicayoung', 'QsnfjXWn&9', '2023-02-25 23:50:05');
INSERT INTO user_table (firstname, lastname, email, username, password, created_at) VALUES ('Jon', 'Gibbs', 'ryan55@example.org', 'william83', '*)5AYVXx_Q', '2023-05-09 02:11:48');
INSERT INTO user_table (firstname, lastname, email, username, password, created_at) VALUES ('Paul', 'Martin', 'dperez@example.com', 'sandersjoshua', '0$k2@eDmO+', '2023-06-02 18:57:30');
INSERT INTO user_table (firstname, lastname, email, username, password, created_at) VALUES ('Jeffery', 'Rodriguez', 'wross@example.net', 'gordonandrew', '^5I6fk%d1o', '2023-03-25 21:27:27');
INSERT INTO user_table (firstname, lastname, email, username, password, created_at) VALUES ('Kenneth', 'Graham', 'pjuarez@example.org', 'rogersthomas', '8o(A$FoN%Z', '2023-02-02 16:46:31');
INSERT INTO user_table (firstname, lastname, email, username, password, created_at) VALUES ('Mary', 'Ponce', 'mortondominic@example.com', 'cynthia68', 'FH1Vi+fh#b', '2023-06-20 15:20:57');
INSERT INTO user_table (firstname, lastname, email, username, password, created_at) VALUES ('Kathy', 'Martinez', 'tarapeterson@example.org', 'richardsjames', '3B@!1Qhqkp', '2023-06-01 14:04:33');
INSERT INTO user_table (firstname, lastname, email, username, password, created_at) VALUES ('Andrew', 'Chavez', 'michaelfleming@example.net', 'catherinehogan', '#0p#55Lfu9', '2023-02-23 14:23:11');
INSERT INTO user_table (firstname, lastname, email, username, password, created_at) VALUES ('Eric', 'Cline', 'bgoodman@example.org', 'alexander38', '#nN@s9LhgS', '2023-03-06 13:52:22');
INSERT INTO user_table (firstname, lastname, email, username, password, created_at) VALUES ('Toni', 'Bradshaw', 'olong@example.net', 'deborahellis', 'nqeJyyqj&6', '2023-04-21 07:59:46');
INSERT INTO user_table (firstname, lastname, email, username, password, created_at) VALUES ('Phyllis', 'Valdez', 'stonemichael@example.com', 'igutierrez', 'v@PCzk&f&1', '2023-05-17 19:57:33');
INSERT INTO user_table (firstname, lastname, email, username, password, created_at) VALUES ('Debbie', 'Kidd', 'parkscheryl@example.org', 'martinezleah', 'oo3moS^T%2', '2023-01-05 21:08:45');
INSERT INTO user_table (firstname, lastname, email, username, password, created_at) VALUES ('Sherry', 'Mcguire', 'lwright@example.net', 'nolanwesley', 'Z_WSyoZ!)7', '2023-05-19 10:18:46');
INSERT INTO user_table (firstname, lastname, email, username, password, created_at) VALUES ('Tammy', 'Wilkins', 'lholland@example.com', 'harveyjennifer', ')L02xkLdOs', '2023-04-18 13:17:59');
INSERT INTO user_table (firstname, lastname, email, username, password, created_at) VALUES ('William', 'Smith', 'vanessa05@example.net', 'torresmichael', 'CDPgF7Io(4', '2023-04-22 20:47:29');
INSERT INTO user_table (firstname, lastname, email, username, password, created_at) VALUES ('Marc', 'Chambers', 'pittselizabeth@example.net', 'tapiadorothy', 'kNc0aTb&)C', '2023-02-24 08:15:23');
INSERT INTO user_table (firstname, lastname, email, username, password, created_at) VALUES ('Courtney', 'Hall', 'kellyhall@example.org', 'jacquelinefrye', 'nhjz6G_%F_', '2023-02-14 17:24:16');

INSERT INTO user_email_verification_table (user_id, verified_at) VALUES (45, '2023-06-25 15:04:18');

INSERT INTO user_email_verification_table (user_id, verified_at) VALUES (22, '2023-05-11 11:03:58');

INSERT INTO user_email_verification_table (user_id, verified_at) VALUES (87, '2023-06-13 23:47:06');

INSERT INTO user_email_verification_table (user_id, verified_at) VALUES (89, '2023-04-28 00:35:07');

INSERT INTO user_email_verification_table (user_id, verified_at) VALUES (44, '2023-06-07 15:03:49');

INSERT INTO user_email_verification_table (user_id, verified_at) VALUES (92, '2023-06-21 13:39:05');

INSERT INTO user_email_verification_table (user_id, verified_at) VALUES (6, '2023-04-21 04:01:46');

INSERT INTO user_email_verification_table (user_id, verified_at) VALUES (66, '2023-02-05 11:29:16');

INSERT INTO user_email_verification_table (user_id, verified_at) VALUES (56, '2023-06-29 11:18:04');

INSERT INTO user_email_verification_table (user_id, verified_at) VALUES (86, '2023-05-18 08:09:46');

INSERT INTO user_email_verification_table (user_id, verified_at) VALUES (25, '2023-04-01 17:42:31');

INSERT INTO user_email_verification_table (user_id, verified_at) VALUES (40, '2023-06-27 23:25:43');

INSERT INTO user_email_verification_table (user_id, verified_at) VALUES (52, '2023-05-15 08:51:35');

INSERT INTO user_email_verification_table (user_id, verified_at) VALUES (27, '2023-05-21 01:51:12');

INSERT INTO user_email_verification_table (user_id, verified_at) VALUES (14, '2023-05-08 19:11:06');

INSERT INTO user_email_verification_table (user_id, verified_at) VALUES (38, '2023-03-18 04:38:39');

INSERT INTO user_email_verification_table (user_id, verified_at) VALUES (50, '2023-06-04 02:39:42');

INSERT INTO user_email_verification_table (user_id, verified_at) VALUES (63, '2023-03-05 19:26:09');

INSERT INTO user_email_verification_table (user_id, verified_at) VALUES (60, '2023-06-25 07:19:07');

INSERT INTO user_email_verification_table (user_id, verified_at) VALUES (16, '2023-06-25 09:51:12');

INSERT INTO user_email_verification_table (user_id, verified_at) VALUES (35, '2023-05-31 13:57:50');

INSERT INTO user_email_verification_table (user_id, verified_at) VALUES (30, '2023-02-08 08:46:37');

INSERT INTO user_email_verification_table (user_id, verified_at) VALUES (15, '2023-06-26 04:10:43');

INSERT INTO user_email_verification_table (user_id, verified_at) VALUES (34, '2023-04-30 05:23:24');

INSERT INTO user_email_verification_table (user_id, verified_at) VALUES (76, '2023-06-07 08:26:35');

INSERT INTO user_email_verification_table (user_id, verified_at) VALUES (26, '2023-05-12 19:10:10');

INSERT INTO user_email_verification_table (user_id, verified_at) VALUES (75, '2023-06-10 08:02:23');

INSERT INTO user_email_verification_table (user_id, verified_at) VALUES (59, '2023-05-01 09:49:49');

INSERT INTO user_email_verification_table (user_id, verified_at) VALUES (19, '2023-05-09 17:45:40');

INSERT INTO user_email_verification_table (user_id, verified_at) VALUES (21, '2023-06-22 02:37:54');

INSERT INTO user_email_verification_table (user_id, verified_at) VALUES (70, '2023-06-07 17:14:04');

INSERT INTO user_email_verification_table (user_id, verified_at) VALUES (31, '2023-02-06 12:25:02');

INSERT INTO user_email_verification_table (user_id, verified_at) VALUES (10, '2023-06-12 01:13:48');

INSERT INTO user_email_verification_table (user_id, verified_at) VALUES (61, '2023-05-04 02:25:07');

INSERT INTO user_email_verification_table (user_id, verified_at) VALUES (68, '2023-06-14 13:49:04');

INSERT INTO user_email_verification_table (user_id, verified_at) VALUES (29, '2023-06-10 12:43:34');

INSERT INTO user_email_verification_table (user_id, verified_at) VALUES (43, '2023-06-06 10:14:27');

INSERT INTO user_email_verification_table (user_id, verified_at) VALUES (8, '2023-06-29 21:55:28');

INSERT INTO user_email_verification_table (user_id, verified_at) VALUES (58, '2023-05-02 19:23:24');

INSERT INTO user_email_verification_table (user_id, verified_at) VALUES (77, '2023-02-14 23:40:32');

INSERT INTO user_email_verification_table (user_id, verified_at) VALUES (81, '2023-06-28 22:55:47');

INSERT INTO user_email_verification_table (user_id, verified_at) VALUES (97, '2023-06-23 23:07:26');

INSERT INTO user_email_verification_table (user_id, verified_at) VALUES (2, '2023-06-13 19:08:50');

INSERT INTO user_email_verification_table (user_id, verified_at) VALUES (73, '2023-06-28 11:33:04');

INSERT INTO user_email_verification_table (user_id, verified_at) VALUES (42, '2023-06-11 17:39:58');

INSERT INTO user_email_verification_table (user_id, verified_at) VALUES (33, '2023-04-26 04:27:49');

INSERT INTO user_email_verification_table (user_id, verified_at) VALUES (80, '2023-04-21 14:51:33');

INSERT INTO user_email_verification_table (user_id, verified_at) VALUES (83, '2023-05-31 19:39:59');

INSERT INTO user_email_verification_table (user_id, verified_at) VALUES (7, '2023-05-30 04:58:27');

INSERT INTO user_email_verification_table (user_id, verified_at) VALUES (91, '2023-01-27 21:00:46');

INSERT INTO user_email_verification_table (user_id, verified_at) VALUES (67, '2023-06-03 00:01:11');

INSERT INTO user_email_verification_table (user_id, verified_at) VALUES (96, '2023-06-22 05:53:14');

INSERT INTO user_email_verification_table (user_id, verified_at) VALUES (17, '2023-06-13 06:05:24');

INSERT INTO user_email_verification_table (user_id, verified_at) VALUES (71, '2023-06-26 17:08:10');

INSERT INTO user_email_verification_table (user_id, verified_at) VALUES (11, '2023-06-28 02:40:08');

INSERT INTO user_email_verification_table (user_id, verified_at) VALUES (51, '2023-06-20 13:18:25');

INSERT INTO user_email_verification_table (user_id, verified_at) VALUES (13, '2023-06-28 16:08:08');

INSERT INTO user_email_verification_table (user_id, verified_at) VALUES (32, '2023-06-21 12:01:29');

INSERT INTO user_email_verification_table (user_id, verified_at) VALUES (99, '2023-06-02 19:21:52');

INSERT INTO user_email_verification_table (user_id, verified_at) VALUES (90, '2023-02-20 01:03:47');

INSERT INTO user_email_verification_table (user_id, verified_at) VALUES (78, '2023-04-19 06:26:21');

INSERT INTO user_email_verification_table (user_id, verified_at) VALUES (9, '2023-05-19 00:59:01');

INSERT INTO user_email_verification_table (user_id, verified_at) VALUES (36, '2023-06-10 19:05:55');

INSERT INTO user_email_verification_table (user_id, verified_at) VALUES (62, '2023-05-14 17:48:46');

INSERT INTO user_email_verification_table (user_id, verified_at) VALUES (65, '2023-06-21 03:09:32');

INSERT INTO user_email_verification_table (user_id, verified_at) VALUES (74, '2023-05-30 11:23:02');

INSERT INTO user_email_verification_table (user_id, verified_at) VALUES (5, '2023-06-12 01:02:38');

INSERT INTO user_email_verification_table (user_id, verified_at) VALUES (55, '2023-06-20 00:15:57');

INSERT INTO user_email_verification_table (user_id, verified_at) VALUES (48, '2023-05-30 06:15:24');

INSERT INTO user_email_verification_table (user_id, verified_at) VALUES (54, '2023-06-09 13:10:47');

INSERT INTO user_email_verification_table (user_id, verified_at) VALUES (57, '2023-06-19 01:35:52');

INSERT INTO user_email_verification_table (user_id, verified_at) VALUES (95, '2023-06-26 18:14:18');

INSERT INTO user_email_verification_table (user_id, verified_at) VALUES (98, '2023-06-28 20:49:02');

INSERT INTO user_email_verification_table (user_id, verified_at) VALUES (84, '2023-05-20 23:57:00');

INSERT INTO user_email_verification_table (user_id, verified_at) VALUES (94, '2023-06-27 17:32:54');

INSERT INTO user_email_verification_table (user_id, verified_at) VALUES (69, '2023-05-20 00:36:20');

INSERT INTO user_email_verification_table (user_id, verified_at) VALUES (100, '2023-05-20 06:18:54');

INSERT INTO user_email_verification_table (user_id, verified_at) VALUES (12, '2023-02-12 12:29:53');

INSERT INTO user_email_verification_table (user_id, verified_at) VALUES (49, '2023-06-27 18:25:58');

INSERT INTO user_email_verification_table (user_id, verified_at) VALUES (46, '2023-04-14 07:40:35');

INSERT INTO user_email_verification_table (user_id, verified_at) VALUES (23, '2023-05-06 16:34:38');

INSERT INTO user_email_verification_table (user_id, verified_at) VALUES (47, '2023-03-22 16:13:23');

INSERT INTO user_email_verification_table (user_id, verified_at) VALUES (28, '2023-03-09 06:26:09');

INSERT INTO user_email_verification_table (user_id, verified_at) VALUES (88, '2023-04-17 15:12:40');

INSERT INTO user_email_verification_table (user_id, verified_at) VALUES (93, '2023-03-07 21:57:56');

INSERT INTO session_table (user_id, connected_at) VALUES (62, '2023-05-28 12:44:05');
INSERT INTO session_table (user_id, connected_at) VALUES (21, '2023-03-17 20:49:13');
INSERT INTO session_table (user_id, connected_at) VALUES (70, '2023-02-06 08:57:33');
INSERT INTO session_table (user_id, connected_at) VALUES (62, '2023-04-18 12:06:24');
INSERT INTO session_table (user_id, connected_at) VALUES (73, '2023-03-12 07:12:15');
INSERT INTO session_table (user_id, connected_at) VALUES (59, '2023-05-23 12:25:48');
INSERT INTO session_table (user_id, connected_at) VALUES (51, '2023-01-22 17:23:28');
INSERT INTO session_table (user_id, connected_at) VALUES (24, '2023-01-12 17:12:37');
INSERT INTO session_table (user_id, connected_at) VALUES (50, '2023-02-27 08:42:07');
INSERT INTO session_table (user_id, connected_at) VALUES (17, '2023-02-28 08:36:09');
INSERT INTO session_table (user_id, connected_at) VALUES (25, '2023-02-09 03:38:19');
INSERT INTO session_table (user_id, connected_at) VALUES (75, '2023-06-27 09:48:22');
INSERT INTO session_table (user_id, connected_at) VALUES (24, '2023-01-28 21:44:44');
INSERT INTO session_table (user_id, connected_at) VALUES (78, '2023-03-25 05:00:06');
INSERT INTO session_table (user_id, connected_at) VALUES (1, '2023-05-25 16:48:54');
INSERT INTO session_table (user_id, connected_at) VALUES (20, '2023-05-09 02:46:33');
INSERT INTO session_table (user_id, connected_at) VALUES (35, '2023-01-04 09:39:50');
INSERT INTO session_table (user_id, connected_at) VALUES (81, '2023-02-17 03:41:01');
INSERT INTO session_table (user_id, connected_at) VALUES (85, '2023-01-22 14:43:54');
INSERT INTO session_table (user_id, connected_at) VALUES (9, '2023-03-03 15:52:37');
INSERT INTO session_table (user_id, connected_at) VALUES (24, '2023-05-15 19:07:21');
INSERT INTO session_table (user_id, connected_at) VALUES (5, '2023-06-07 00:49:57');
INSERT INTO session_table (user_id, connected_at) VALUES (20, '2023-02-03 19:42:41');
INSERT INTO session_table (user_id, connected_at) VALUES (62, '2023-04-09 03:05:28');
INSERT INTO session_table (user_id, connected_at) VALUES (45, '2023-03-22 03:07:25');
INSERT INTO session_table (user_id, connected_at) VALUES (27, '2023-06-07 20:54:57');
INSERT INTO session_table (user_id, connected_at) VALUES (4, '2023-04-11 21:24:00');
INSERT INTO session_table (user_id, connected_at) VALUES (19, '2023-02-07 18:05:10');
INSERT INTO session_table (user_id, connected_at) VALUES (61, '2023-04-12 04:43:58');
INSERT INTO session_table (user_id, connected_at) VALUES (28, '2023-05-08 08:05:08');
INSERT INTO session_table (user_id, connected_at) VALUES (40, '2023-03-07 21:26:41');
INSERT INTO session_table (user_id, connected_at) VALUES (95, '2023-03-09 14:46:52');
INSERT INTO session_table (user_id, connected_at) VALUES (4, '2023-01-24 08:49:03');
INSERT INTO session_table (user_id, connected_at) VALUES (39, '2023-04-03 11:21:00');
INSERT INTO session_table (user_id, connected_at) VALUES (6, '2023-03-06 20:39:03');
INSERT INTO session_table (user_id, connected_at) VALUES (4, '2023-06-06 07:24:33');
INSERT INTO session_table (user_id, connected_at) VALUES (53, '2023-03-11 01:22:49');
INSERT INTO session_table (user_id, connected_at) VALUES (63, '2023-04-22 14:54:57');
INSERT INTO session_table (user_id, connected_at) VALUES (66, '2023-05-14 17:46:55');
INSERT INTO session_table (user_id, connected_at) VALUES (100, '2023-06-14 07:39:32');
INSERT INTO session_table (user_id, connected_at) VALUES (41, '2023-05-12 10:04:18');
INSERT INTO session_table (user_id, connected_at) VALUES (49, '2023-06-09 04:24:25');
INSERT INTO session_table (user_id, connected_at) VALUES (74, '2023-01-05 06:06:13');
INSERT INTO session_table (user_id, connected_at) VALUES (36, '2023-02-18 19:51:35');
INSERT INTO session_table (user_id, connected_at) VALUES (41, '2023-05-28 07:57:58');
INSERT INTO session_table (user_id, connected_at) VALUES (82, '2023-06-13 10:31:45');
INSERT INTO session_table (user_id, connected_at) VALUES (80, '2023-06-28 03:12:34');
INSERT INTO session_table (user_id, connected_at) VALUES (40, '2023-02-07 03:02:20');
INSERT INTO session_table (user_id, connected_at) VALUES (12, '2023-02-15 23:59:27');
INSERT INTO session_table (user_id, connected_at) VALUES (73, '2023-02-18 04:19:35');
INSERT INTO session_table (user_id, connected_at) VALUES (60, '2023-05-20 14:43:55');
INSERT INTO session_table (user_id, connected_at) VALUES (14, '2023-01-23 22:54:53');
INSERT INTO session_table (user_id, connected_at) VALUES (81, '2023-06-11 10:48:01');
INSERT INTO session_table (user_id, connected_at) VALUES (13, '2023-03-22 13:01:56');
INSERT INTO session_table (user_id, connected_at) VALUES (64, '2023-04-01 00:02:46');
INSERT INTO session_table (user_id, connected_at) VALUES (44, '2023-05-12 00:16:58');
INSERT INTO session_table (user_id, connected_at) VALUES (77, '2023-05-13 05:40:48');
INSERT INTO session_table (user_id, connected_at) VALUES (14, '2023-03-19 03:54:04');
INSERT INTO session_table (user_id, connected_at) VALUES (31, '2023-04-16 12:46:58');
INSERT INTO session_table (user_id, connected_at) VALUES (67, '2023-05-11 20:03:16');
INSERT INTO session_table (user_id, connected_at) VALUES (20, '2023-02-22 16:12:16');
INSERT INTO session_table (user_id, connected_at) VALUES (60, '2023-01-10 21:15:51');
INSERT INTO session_table (user_id, connected_at) VALUES (34, '2023-04-20 21:41:43');
INSERT INTO session_table (user_id, connected_at) VALUES (65, '2023-02-10 17:59:56');
INSERT INTO session_table (user_id, connected_at) VALUES (73, '2023-03-12 02:09:49');
INSERT INTO session_table (user_id, connected_at) VALUES (44, '2023-02-06 12:53:31');
INSERT INTO session_table (user_id, connected_at) VALUES (76, '2023-02-17 11:44:17');
INSERT INTO session_table (user_id, connected_at) VALUES (90, '2023-01-13 10:14:58');
INSERT INTO session_table (user_id, connected_at) VALUES (5, '2023-04-25 07:00:45');
INSERT INTO session_table (user_id, connected_at) VALUES (23, '2023-06-12 15:47:51');
INSERT INTO session_table (user_id, connected_at) VALUES (87, '2023-02-23 03:13:12');
INSERT INTO session_table (user_id, connected_at) VALUES (6, '2023-03-31 06:02:58');
INSERT INTO session_table (user_id, connected_at) VALUES (14, '2023-04-16 08:35:49');
INSERT INTO session_table (user_id, connected_at) VALUES (35, '2023-05-12 08:03:45');
INSERT INTO session_table (user_id, connected_at) VALUES (85, '2023-06-25 18:44:20');
INSERT INTO session_table (user_id, connected_at) VALUES (96, '2023-01-20 11:00:34');
INSERT INTO session_table (user_id, connected_at) VALUES (38, '2023-02-21 09:09:35');
INSERT INTO session_table (user_id, connected_at) VALUES (86, '2023-05-24 11:25:07');
INSERT INTO session_table (user_id, connected_at) VALUES (7, '2023-02-03 14:49:13');
INSERT INTO session_table (user_id, connected_at) VALUES (19, '2023-01-19 00:41:21');
INSERT INTO session_table (user_id, connected_at) VALUES (11, '2023-03-17 07:24:18');
INSERT INTO session_table (user_id, connected_at) VALUES (64, '2023-02-06 04:35:51');
INSERT INTO session_table (user_id, connected_at) VALUES (78, '2023-05-16 16:26:03');
INSERT INTO session_table (user_id, connected_at) VALUES (37, '2023-02-12 20:22:29');
INSERT INTO session_table (user_id, connected_at) VALUES (92, '2023-04-08 21:06:52');
INSERT INTO session_table (user_id, connected_at) VALUES (66, '2023-06-04 04:13:46');
INSERT INTO session_table (user_id, connected_at) VALUES (94, '2023-03-12 20:25:56');
INSERT INTO session_table (user_id, connected_at) VALUES (27, '2023-01-14 23:03:49');
INSERT INTO session_table (user_id, connected_at) VALUES (73, '2023-03-25 23:34:00');
INSERT INTO session_table (user_id, connected_at) VALUES (40, '2023-05-12 05:19:47');
INSERT INTO session_table (user_id, connected_at) VALUES (16, '2023-01-21 12:45:07');
INSERT INTO session_table (user_id, connected_at) VALUES (68, '2023-02-11 20:27:21');
INSERT INTO session_table (user_id, connected_at) VALUES (17, '2023-03-13 19:25:23');
INSERT INTO session_table (user_id, connected_at) VALUES (49, '2023-05-14 06:41:05');
INSERT INTO session_table (user_id, connected_at) VALUES (53, '2023-01-03 19:25:32');
INSERT INTO session_table (user_id, connected_at) VALUES (86, '2023-01-16 03:50:14');
INSERT INTO session_table (user_id, connected_at) VALUES (64, '2023-01-31 17:17:54');
INSERT INTO session_table (user_id, connected_at) VALUES (48, '2023-02-09 06:54:00');
INSERT INTO session_table (user_id, connected_at) VALUES (15, '2023-03-12 03:18:20');
INSERT INTO session_table (user_id, connected_at) VALUES (13, '2023-04-21 00:24:05');
INSERT INTO session_table (user_id, connected_at) VALUES (14, '2023-01-04 03:53:23');
INSERT INTO session_table (user_id, connected_at) VALUES (29, '2023-05-10 09:06:29');
INSERT INTO session_table (user_id, connected_at) VALUES (96, '2023-05-23 12:57:49');
INSERT INTO session_table (user_id, connected_at) VALUES (73, '2023-06-24 03:17:01');
INSERT INTO session_table (user_id, connected_at) VALUES (80, '2023-03-23 15:19:40');
INSERT INTO session_table (user_id, connected_at) VALUES (29, '2023-04-10 18:41:11');
INSERT INTO session_table (user_id, connected_at) VALUES (32, '2023-01-07 05:55:37');
INSERT INTO session_table (user_id, connected_at) VALUES (72, '2023-03-19 22:55:41');
INSERT INTO session_table (user_id, connected_at) VALUES (93, '2023-02-18 21:13:30');
INSERT INTO session_table (user_id, connected_at) VALUES (100, '2023-04-25 15:05:51');
INSERT INTO session_table (user_id, connected_at) VALUES (26, '2023-02-22 02:50:06');
INSERT INTO session_table (user_id, connected_at) VALUES (64, '2023-04-07 20:48:22');
INSERT INTO session_table (user_id, connected_at) VALUES (73, '2023-01-14 11:32:40');
INSERT INTO session_table (user_id, connected_at) VALUES (65, '2023-01-26 16:04:20');
INSERT INTO session_table (user_id, connected_at) VALUES (41, '2023-02-23 04:17:52');
INSERT INTO session_table (user_id, connected_at) VALUES (56, '2023-02-04 22:01:39');
INSERT INTO session_table (user_id, connected_at) VALUES (5, '2023-01-23 23:39:30');
INSERT INTO session_table (user_id, connected_at) VALUES (99, '2023-02-24 15:59:07');
INSERT INTO session_table (user_id, connected_at) VALUES (53, '2023-04-13 06:32:17');
INSERT INTO session_table (user_id, connected_at) VALUES (54, '2023-01-08 11:58:47');
INSERT INTO session_table (user_id, connected_at) VALUES (49, '2023-06-15 17:05:14');
INSERT INTO session_table (user_id, connected_at) VALUES (40, '2023-02-09 07:55:53');
INSERT INTO session_table (user_id, connected_at) VALUES (53, '2023-01-03 10:23:10');
INSERT INTO session_table (user_id, connected_at) VALUES (17, '2023-02-04 13:00:32');
INSERT INTO session_table (user_id, connected_at) VALUES (86, '2023-01-23 10:57:52');
INSERT INTO session_table (user_id, connected_at) VALUES (93, '2023-02-01 15:19:05');
INSERT INTO session_table (user_id, connected_at) VALUES (5, '2023-05-30 15:42:53');
INSERT INTO session_table (user_id, connected_at) VALUES (73, '2023-02-10 22:09:44');
INSERT INTO session_table (user_id, connected_at) VALUES (89, '2023-02-08 15:43:18');
INSERT INTO session_table (user_id, connected_at) VALUES (37, '2023-01-24 19:06:19');
INSERT INTO session_table (user_id, connected_at) VALUES (22, '2023-02-05 20:48:59');
INSERT INTO session_table (user_id, connected_at) VALUES (60, '2023-03-16 13:36:37');
INSERT INTO session_table (user_id, connected_at) VALUES (27, '2023-03-04 09:30:06');
INSERT INTO session_table (user_id, connected_at) VALUES (44, '2023-03-25 19:56:53');
INSERT INTO session_table (user_id, connected_at) VALUES (30, '2023-02-09 18:20:51');
INSERT INTO session_table (user_id, connected_at) VALUES (79, '2023-03-09 12:33:47');
INSERT INTO session_table (user_id, connected_at) VALUES (87, '2023-06-01 15:30:40');
INSERT INTO session_table (user_id, connected_at) VALUES (32, '2023-03-12 03:15:38');
INSERT INTO session_table (user_id, connected_at) VALUES (80, '2023-03-24 00:10:05');
INSERT INTO session_table (user_id, connected_at) VALUES (52, '2023-05-20 00:43:42');
INSERT INTO session_table (user_id, connected_at) VALUES (50, '2023-01-11 21:55:09');
INSERT INTO session_table (user_id, connected_at) VALUES (5, '2023-05-01 14:58:19');
INSERT INTO session_table (user_id, connected_at) VALUES (14, '2023-06-19 07:47:08');
INSERT INTO session_table (user_id, connected_at) VALUES (85, '2023-06-15 20:24:42');
INSERT INTO session_table (user_id, connected_at) VALUES (26, '2023-03-21 04:57:56');
INSERT INTO session_table (user_id, connected_at) VALUES (3, '2023-04-12 10:55:10');
INSERT INTO session_table (user_id, connected_at) VALUES (25, '2023-05-10 16:42:00');
INSERT INTO session_table (user_id, connected_at) VALUES (22, '2023-04-24 14:39:57');
INSERT INTO session_table (user_id, connected_at) VALUES (53, '2023-04-03 16:47:36');
INSERT INTO session_table (user_id, connected_at) VALUES (3, '2023-02-03 20:39:34');
INSERT INTO session_table (user_id, connected_at) VALUES (62, '2023-06-13 00:10:22');
INSERT INTO session_table (user_id, connected_at) VALUES (49, '2023-06-10 07:44:11');
INSERT INTO session_table (user_id, connected_at) VALUES (100, '2023-03-23 11:59:20');
INSERT INTO session_table (user_id, connected_at) VALUES (86, '2023-01-04 22:49:16');
INSERT INTO session_table (user_id, connected_at) VALUES (52, '2023-06-02 19:41:12');
INSERT INTO session_table (user_id, connected_at) VALUES (53, '2023-02-21 05:08:00');
INSERT INTO session_table (user_id, connected_at) VALUES (29, '2023-03-07 05:20:24');
INSERT INTO session_table (user_id, connected_at) VALUES (72, '2023-06-22 12:30:45');
INSERT INTO session_table (user_id, connected_at) VALUES (10, '2023-06-29 21:07:08');
INSERT INTO session_table (user_id, connected_at) VALUES (99, '2023-01-10 02:20:57');
INSERT INTO session_table (user_id, connected_at) VALUES (82, '2023-01-28 22:43:47');
INSERT INTO session_table (user_id, connected_at) VALUES (16, '2023-01-05 06:38:14');
INSERT INTO session_table (user_id, connected_at) VALUES (83, '2023-01-14 19:34:46');
INSERT INTO session_table (user_id, connected_at) VALUES (4, '2023-05-06 01:42:36');
INSERT INTO session_table (user_id, connected_at) VALUES (13, '2023-04-06 17:16:16');
INSERT INTO session_table (user_id, connected_at) VALUES (12, '2023-06-02 02:27:31');
INSERT INTO session_table (user_id, connected_at) VALUES (12, '2023-04-05 12:31:21');
INSERT INTO session_table (user_id, connected_at) VALUES (15, '2023-06-22 15:13:00');
INSERT INTO session_table (user_id, connected_at) VALUES (86, '2023-04-24 10:58:01');
INSERT INTO session_table (user_id, connected_at) VALUES (74, '2023-06-21 04:30:23');
INSERT INTO session_table (user_id, connected_at) VALUES (89, '2023-04-18 06:53:31');
INSERT INTO session_table (user_id, connected_at) VALUES (66, '2023-01-04 06:29:51');
INSERT INTO session_table (user_id, connected_at) VALUES (93, '2023-04-25 02:14:42');
INSERT INTO session_table (user_id, connected_at) VALUES (36, '2023-05-02 10:05:23');
INSERT INTO session_table (user_id, connected_at) VALUES (94, '2023-04-16 22:27:58');
INSERT INTO session_table (user_id, connected_at) VALUES (75, '2023-01-06 22:01:48');
INSERT INTO session_table (user_id, connected_at) VALUES (76, '2023-02-17 05:00:43');
INSERT INTO session_table (user_id, connected_at) VALUES (14, '2023-06-12 01:09:28');
INSERT INTO session_table (user_id, connected_at) VALUES (22, '2023-01-07 20:41:18');
INSERT INTO session_table (user_id, connected_at) VALUES (74, '2023-04-12 17:41:17');
INSERT INTO session_table (user_id, connected_at) VALUES (81, '2023-01-26 06:21:05');
INSERT INTO session_table (user_id, connected_at) VALUES (98, '2023-01-22 18:49:18');
INSERT INTO session_table (user_id, connected_at) VALUES (60, '2023-01-25 05:54:57');
INSERT INTO session_table (user_id, connected_at) VALUES (90, '2023-04-13 08:05:33');
INSERT INTO session_table (user_id, connected_at) VALUES (82, '2023-02-13 22:19:50');
INSERT INTO session_table (user_id, connected_at) VALUES (65, '2023-03-23 04:12:09');
INSERT INTO session_table (user_id, connected_at) VALUES (90, '2023-01-26 20:01:58');
INSERT INTO session_table (user_id, connected_at) VALUES (75, '2023-02-25 12:05:30');
INSERT INTO session_table (user_id, connected_at) VALUES (72, '2023-02-28 14:15:05');
INSERT INTO session_table (user_id, connected_at) VALUES (75, '2023-01-08 20:23:15');
INSERT INTO session_table (user_id, connected_at) VALUES (93, '2023-04-08 10:35:02');
INSERT INTO session_table (user_id, connected_at) VALUES (85, '2023-06-20 20:27:04');
INSERT INTO session_table (user_id, connected_at) VALUES (80, '2023-04-29 04:00:08');
INSERT INTO session_table (user_id, connected_at) VALUES (46, '2023-03-21 04:45:11');
INSERT INTO session_table (user_id, connected_at) VALUES (50, '2023-05-29 15:30:28');
INSERT INTO session_table (user_id, connected_at) VALUES (33, '2023-06-25 13:17:45');
INSERT INTO session_table (user_id, connected_at) VALUES (14, '2023-02-08 00:13:49');
INSERT INTO session_table (user_id, connected_at) VALUES (47, '2023-04-10 12:50:37');
INSERT INTO session_table (user_id, connected_at) VALUES (31, '2023-06-08 18:51:38');
INSERT INTO session_table (user_id, connected_at) VALUES (97, '2023-06-04 22:12:13');
INSERT INTO session_table (user_id, connected_at) VALUES (20, '2023-01-21 20:09:55');
INSERT INTO session_table (user_id, connected_at) VALUES (23, '2023-06-11 10:54:21');
INSERT INTO session_table (user_id, connected_at) VALUES (43, '2023-01-02 18:08:20');
INSERT INTO session_table (user_id, connected_at) VALUES (24, '2023-01-10 07:03:43');
INSERT INTO session_table (user_id, connected_at) VALUES (94, '2023-04-09 06:09:00');
INSERT INTO session_table (user_id, connected_at) VALUES (98, '2023-06-18 07:07:26');
INSERT INTO session_table (user_id, connected_at) VALUES (33, '2023-03-02 10:03:43');
INSERT INTO session_table (user_id, connected_at) VALUES (99, '2023-06-24 04:13:37');
INSERT INTO session_table (user_id, connected_at) VALUES (84, '2023-05-09 21:12:41');
INSERT INTO session_table (user_id, connected_at) VALUES (56, '2023-02-18 14:19:58');
INSERT INTO session_table (user_id, connected_at) VALUES (38, '2023-02-14 23:23:27');
INSERT INTO session_table (user_id, connected_at) VALUES (50, '2023-06-22 09:41:26');
INSERT INTO session_table (user_id, connected_at) VALUES (26, '2023-04-21 04:44:10');
INSERT INTO session_table (user_id, connected_at) VALUES (25, '2023-01-24 21:11:27');
INSERT INTO session_table (user_id, connected_at) VALUES (93, '2023-03-02 15:48:32');
INSERT INTO session_table (user_id, connected_at) VALUES (71, '2023-02-10 22:20:13');
INSERT INTO session_table (user_id, connected_at) VALUES (53, '2023-03-23 22:52:01');
INSERT INTO session_table (user_id, connected_at) VALUES (96, '2023-05-22 13:58:36');
INSERT INTO session_table (user_id, connected_at) VALUES (21, '2023-04-15 11:19:43');
INSERT INTO session_table (user_id, connected_at) VALUES (46, '2023-03-08 09:18:36');
INSERT INTO session_table (user_id, connected_at) VALUES (55, '2023-06-09 00:19:42');
INSERT INTO session_table (user_id, connected_at) VALUES (61, '2023-01-06 05:43:57');
INSERT INTO session_table (user_id, connected_at) VALUES (82, '2023-01-15 02:05:02');
INSERT INTO session_table (user_id, connected_at) VALUES (13, '2023-04-23 07:47:31');
INSERT INTO session_table (user_id, connected_at) VALUES (18, '2023-01-07 18:14:24');
INSERT INTO session_table (user_id, connected_at) VALUES (27, '2023-02-12 07:19:10');
INSERT INTO session_table (user_id, connected_at) VALUES (55, '2023-03-26 15:31:00');
INSERT INTO session_table (user_id, connected_at) VALUES (6, '2023-05-14 01:22:01');
INSERT INTO session_table (user_id, connected_at) VALUES (71, '2023-02-06 19:14:42');
INSERT INTO session_table (user_id, connected_at) VALUES (41, '2023-02-11 16:51:24');
INSERT INTO session_table (user_id, connected_at) VALUES (8, '2023-03-31 05:27:07');
INSERT INTO session_table (user_id, connected_at) VALUES (30, '2023-04-20 01:36:15');
INSERT INTO session_table (user_id, connected_at) VALUES (6, '2023-06-26 16:46:24');
INSERT INTO session_table (user_id, connected_at) VALUES (67, '2023-02-27 18:11:10');
INSERT INTO session_table (user_id, connected_at) VALUES (34, '2023-03-01 03:19:28');
INSERT INTO session_table (user_id, connected_at) VALUES (63, '2023-05-19 17:26:32');
INSERT INTO session_table (user_id, connected_at) VALUES (88, '2023-04-19 18:25:10');
INSERT INTO session_table (user_id, connected_at) VALUES (63, '2023-01-20 09:29:37');
INSERT INTO session_table (user_id, connected_at) VALUES (44, '2023-01-08 01:52:37');
INSERT INTO session_table (user_id, connected_at) VALUES (61, '2023-03-28 07:27:56');
INSERT INTO session_table (user_id, connected_at) VALUES (38, '2023-01-25 23:22:17');
INSERT INTO session_table (user_id, connected_at) VALUES (6, '2023-05-17 01:22:25');
INSERT INTO session_table (user_id, connected_at) VALUES (1, '2023-01-06 23:27:42');
INSERT INTO session_table (user_id, connected_at) VALUES (51, '2023-02-01 19:35:55');
INSERT INTO session_table (user_id, connected_at) VALUES (61, '2023-05-05 15:36:15');
INSERT INTO session_table (user_id, connected_at) VALUES (90, '2023-05-13 07:42:46');
INSERT INTO session_table (user_id, connected_at) VALUES (56, '2023-06-07 00:12:42');
INSERT INTO session_table (user_id, connected_at) VALUES (58, '2023-04-10 07:52:58');
INSERT INTO session_table (user_id, connected_at) VALUES (54, '2023-01-10 20:29:17');
INSERT INTO session_table (user_id, connected_at) VALUES (19, '2023-06-12 18:30:39');
INSERT INTO session_table (user_id, connected_at) VALUES (3, '2023-05-21 14:58:07');
INSERT INTO session_table (user_id, connected_at) VALUES (69, '2023-02-01 06:57:13');
INSERT INTO session_table (user_id, connected_at) VALUES (61, '2023-04-09 01:11:37');
INSERT INTO session_table (user_id, connected_at) VALUES (44, '2023-05-05 04:04:20');
INSERT INTO session_table (user_id, connected_at) VALUES (98, '2023-06-23 09:34:57');
INSERT INTO session_table (user_id, connected_at) VALUES (17, '2023-02-25 15:22:23');
INSERT INTO session_table (user_id, connected_at) VALUES (56, '2023-06-24 10:32:25');
INSERT INTO session_table (user_id, connected_at) VALUES (27, '2023-06-02 02:12:32');
INSERT INTO session_table (user_id, connected_at) VALUES (3, '2023-02-27 09:12:11');
INSERT INTO session_table (user_id, connected_at) VALUES (21, '2023-02-12 11:39:21');
INSERT INTO session_table (user_id, connected_at) VALUES (73, '2023-05-13 18:26:12');
INSERT INTO session_table (user_id, connected_at) VALUES (53, '2023-06-22 12:24:19');
INSERT INTO session_table (user_id, connected_at) VALUES (46, '2023-04-14 04:18:40');
INSERT INTO session_table (user_id, connected_at) VALUES (27, '2023-04-05 03:14:07');
INSERT INTO session_table (user_id, connected_at) VALUES (54, '2023-03-02 00:48:17');
INSERT INTO session_table (user_id, connected_at) VALUES (78, '2023-05-17 04:20:06');
INSERT INTO session_table (user_id, connected_at) VALUES (64, '2023-04-07 08:18:43');
INSERT INTO session_table (user_id, connected_at) VALUES (80, '2023-02-06 16:39:59');
INSERT INTO session_table (user_id, connected_at) VALUES (82, '2023-05-22 01:58:23');
INSERT INTO session_table (user_id, connected_at) VALUES (57, '2023-06-09 15:02:55');
INSERT INTO session_table (user_id, connected_at) VALUES (92, '2023-05-02 09:02:24');
INSERT INTO session_table (user_id, connected_at) VALUES (73, '2023-02-05 03:52:09');
INSERT INTO session_table (user_id, connected_at) VALUES (54, '2023-06-05 19:48:51');
INSERT INTO session_table (user_id, connected_at) VALUES (93, '2023-06-26 10:10:55');
INSERT INTO session_table (user_id, connected_at) VALUES (79, '2023-05-21 13:15:56');
INSERT INTO session_table (user_id, connected_at) VALUES (82, '2023-01-26 09:04:04');
INSERT INTO session_table (user_id, connected_at) VALUES (11, '2023-04-03 14:31:15');
INSERT INTO session_table (user_id, connected_at) VALUES (82, '2023-04-08 15:36:17');
INSERT INTO session_table (user_id, connected_at) VALUES (36, '2023-05-03 10:31:50');
INSERT INTO session_table (user_id, connected_at) VALUES (25, '2023-03-21 21:18:08');
INSERT INTO session_table (user_id, connected_at) VALUES (92, '2023-05-09 19:10:08');
INSERT INTO session_table (user_id, connected_at) VALUES (17, '2023-02-05 00:52:36');
INSERT INTO session_table (user_id, connected_at) VALUES (28, '2023-01-26 15:23:37');
INSERT INTO session_table (user_id, connected_at) VALUES (39, '2023-04-26 03:53:31');
INSERT INTO session_table (user_id, connected_at) VALUES (23, '2023-06-17 03:40:18');
INSERT INTO session_table (user_id, connected_at) VALUES (59, '2023-05-14 19:54:39');
INSERT INTO session_table (user_id, connected_at) VALUES (15, '2023-06-12 02:17:23');
INSERT INTO session_table (user_id, connected_at) VALUES (63, '2023-03-13 11:23:45');
INSERT INTO session_table (user_id, connected_at) VALUES (84, '2023-02-05 12:55:38');
INSERT INTO session_table (user_id, connected_at) VALUES (75, '2023-02-14 17:42:41');
INSERT INTO session_table (user_id, connected_at) VALUES (55, '2023-03-09 03:43:27');
INSERT INTO session_table (user_id, connected_at) VALUES (84, '2023-05-19 18:05:48');
INSERT INTO session_table (user_id, connected_at) VALUES (98, '2023-03-11 12:08:12');
INSERT INTO session_table (user_id, connected_at) VALUES (90, '2023-02-13 06:06:23');
INSERT INTO session_table (user_id, connected_at) VALUES (87, '2023-02-17 19:13:04');
INSERT INTO session_table (user_id, connected_at) VALUES (95, '2023-06-04 16:17:26');
INSERT INTO session_table (user_id, connected_at) VALUES (82, '2023-03-12 12:29:34');
INSERT INTO session_table (user_id, connected_at) VALUES (11, '2023-04-08 10:00:09');
INSERT INTO session_table (user_id, connected_at) VALUES (27, '2023-04-18 02:04:17');
INSERT INTO session_table (user_id, connected_at) VALUES (8, '2023-05-21 10:52:54');
INSERT INTO session_table (user_id, connected_at) VALUES (56, '2023-06-18 05:30:20');
INSERT INTO session_table (user_id, connected_at) VALUES (96, '2023-05-22 06:42:35');
INSERT INTO session_table (user_id, connected_at) VALUES (99, '2023-05-29 03:08:27');
INSERT INTO session_table (user_id, connected_at) VALUES (79, '2023-04-11 22:23:30');
INSERT INTO session_table (user_id, connected_at) VALUES (85, '2023-01-06 19:16:15');
INSERT INTO session_table (user_id, connected_at) VALUES (41, '2023-04-25 20:12:59');
INSERT INTO session_table (user_id, connected_at) VALUES (1, '2023-04-27 06:26:27');
INSERT INTO session_table (user_id, connected_at) VALUES (6, '2023-05-31 08:36:00');
INSERT INTO session_table (user_id, connected_at) VALUES (15, '2023-02-08 15:45:31');
INSERT INTO session_table (user_id, connected_at) VALUES (29, '2023-06-17 01:18:18');
INSERT INTO session_table (user_id, connected_at) VALUES (38, '2023-06-17 14:11:17');
INSERT INTO session_table (user_id, connected_at) VALUES (50, '2023-05-29 09:40:58');
INSERT INTO session_table (user_id, connected_at) VALUES (35, '2023-01-09 12:47:01');
INSERT INTO session_table (user_id, connected_at) VALUES (49, '2023-05-10 04:51:29');
INSERT INTO session_table (user_id, connected_at) VALUES (2, '2023-04-16 19:36:22');
INSERT INTO session_table (user_id, connected_at) VALUES (33, '2023-04-11 06:48:05');
INSERT INTO session_table (user_id, connected_at) VALUES (97, '2023-02-28 11:49:38');
INSERT INTO session_table (user_id, connected_at) VALUES (82, '2023-04-08 08:37:42');
INSERT INTO session_table (user_id, connected_at) VALUES (75, '2023-05-02 12:31:01');
INSERT INTO session_table (user_id, connected_at) VALUES (10, '2023-05-14 08:52:20');
INSERT INTO session_table (user_id, connected_at) VALUES (35, '2023-01-30 19:51:23');
INSERT INTO session_table (user_id, connected_at) VALUES (54, '2023-05-21 07:57:55');
INSERT INTO session_table (user_id, connected_at) VALUES (47, '2023-03-01 23:52:51');
INSERT INTO session_table (user_id, connected_at) VALUES (22, '2023-06-20 09:18:17');
INSERT INTO session_table (user_id, connected_at) VALUES (25, '2023-06-28 06:02:50');
INSERT INTO session_table (user_id, connected_at) VALUES (8, '2023-03-26 14:57:04');
INSERT INTO session_table (user_id, connected_at) VALUES (84, '2023-06-22 21:39:45');
INSERT INTO session_table (user_id, connected_at) VALUES (67, '2023-01-02 07:01:34');
INSERT INTO session_table (user_id, connected_at) VALUES (62, '2023-05-18 00:27:01');
INSERT INTO session_table (user_id, connected_at) VALUES (67, '2023-01-10 23:00:39');
INSERT INTO session_table (user_id, connected_at) VALUES (4, '2023-06-01 18:02:26');
INSERT INTO session_table (user_id, connected_at) VALUES (63, '2023-03-10 04:20:27');
INSERT INTO session_table (user_id, connected_at) VALUES (80, '2023-05-25 21:49:54');
INSERT INTO session_table (user_id, connected_at) VALUES (93, '2023-03-03 07:46:09');
INSERT INTO session_table (user_id, connected_at) VALUES (44, '2023-03-21 21:51:36');
INSERT INTO session_table (user_id, connected_at) VALUES (61, '2023-02-17 09:05:44');
INSERT INTO session_table (user_id, connected_at) VALUES (35, '2023-01-12 02:59:30');
INSERT INTO session_table (user_id, connected_at) VALUES (90, '2023-04-21 22:22:15');
INSERT INTO session_table (user_id, connected_at) VALUES (80, '2023-06-14 04:04:48');
INSERT INTO session_table (user_id, connected_at) VALUES (89, '2023-02-06 13:19:03');
INSERT INTO session_table (user_id, connected_at) VALUES (92, '2023-03-03 00:51:54');
INSERT INTO session_table (user_id, connected_at) VALUES (19, '2023-02-25 09:33:01');
INSERT INTO session_table (user_id, connected_at) VALUES (4, '2023-01-09 06:01:25');
INSERT INTO session_table (user_id, connected_at) VALUES (12, '2023-06-16 08:25:05');
INSERT INTO session_table (user_id, connected_at) VALUES (38, '2023-03-31 02:52:57');
INSERT INTO session_table (user_id, connected_at) VALUES (30, '2023-04-16 12:56:27');
INSERT INTO session_table (user_id, connected_at) VALUES (26, '2023-06-25 03:45:21');
INSERT INTO session_table (user_id, connected_at) VALUES (28, '2023-05-03 14:05:55');
INSERT INTO session_table (user_id, connected_at) VALUES (63, '2023-03-19 00:45:10');
INSERT INTO session_table (user_id, connected_at) VALUES (52, '2023-01-08 00:20:13');
INSERT INTO session_table (user_id, connected_at) VALUES (69, '2023-06-10 04:52:47');
INSERT INTO session_table (user_id, connected_at) VALUES (36, '2023-05-18 07:06:08');
INSERT INTO session_table (user_id, connected_at) VALUES (59, '2023-04-22 01:45:42');
INSERT INTO session_table (user_id, connected_at) VALUES (78, '2023-02-01 20:40:07');
INSERT INTO session_table (user_id, connected_at) VALUES (56, '2023-02-27 07:31:50');
INSERT INTO session_table (user_id, connected_at) VALUES (64, '2023-01-20 10:33:09');
INSERT INTO session_table (user_id, connected_at) VALUES (46, '2023-04-25 20:12:13');
INSERT INTO session_table (user_id, connected_at) VALUES (55, '2023-04-08 20:10:04');
INSERT INTO session_table (user_id, connected_at) VALUES (66, '2023-02-24 09:40:32');
INSERT INTO session_table (user_id, connected_at) VALUES (12, '2023-02-07 23:33:14');
INSERT INTO session_table (user_id, connected_at) VALUES (7, '2023-03-23 02:10:18');
INSERT INTO session_table (user_id, connected_at) VALUES (3, '2023-05-25 09:26:36');
INSERT INTO session_table (user_id, connected_at) VALUES (31, '2023-05-25 23:45:44');
INSERT INTO session_table (user_id, connected_at) VALUES (2, '2023-04-16 09:55:42');
INSERT INTO session_table (user_id, connected_at) VALUES (83, '2023-02-16 04:18:53');
INSERT INTO session_table (user_id, connected_at) VALUES (69, '2023-06-22 19:53:25');
INSERT INTO session_table (user_id, connected_at) VALUES (46, '2023-04-19 15:17:45');
INSERT INTO session_table (user_id, connected_at) VALUES (98, '2023-03-30 14:17:55');
INSERT INTO session_table (user_id, connected_at) VALUES (8, '2023-03-17 05:44:01');
INSERT INTO session_table (user_id, connected_at) VALUES (70, '2023-03-20 17:14:43');
INSERT INTO session_table (user_id, connected_at) VALUES (74, '2023-04-08 13:04:14');
INSERT INTO session_table (user_id, connected_at) VALUES (24, '2023-05-29 18:49:07');
INSERT INTO session_table (user_id, connected_at) VALUES (44, '2023-05-19 01:22:10');
INSERT INTO session_table (user_id, connected_at) VALUES (33, '2023-04-23 17:23:18');
INSERT INTO session_table (user_id, connected_at) VALUES (31, '2023-01-23 18:13:47');
INSERT INTO session_table (user_id, connected_at) VALUES (78, '2023-03-31 19:29:30');
INSERT INTO session_table (user_id, connected_at) VALUES (11, '2023-03-01 20:21:17');
INSERT INTO session_table (user_id, connected_at) VALUES (4, '2023-02-23 08:32:58');
INSERT INTO session_table (user_id, connected_at) VALUES (77, '2023-04-07 16:58:00');
INSERT INTO session_table (user_id, connected_at) VALUES (89, '2023-06-02 19:57:36');
INSERT INTO session_table (user_id, connected_at) VALUES (47, '2023-01-23 05:58:27');
INSERT INTO session_table (user_id, connected_at) VALUES (3, '2023-02-05 11:14:11');
INSERT INTO session_table (user_id, connected_at) VALUES (61, '2023-06-09 03:34:51');
INSERT INTO session_table (user_id, connected_at) VALUES (46, '2023-06-16 22:34:41');
INSERT INTO session_table (user_id, connected_at) VALUES (82, '2023-06-07 22:30:53');
INSERT INTO session_table (user_id, connected_at) VALUES (1, '2023-06-06 11:09:30');
INSERT INTO session_table (user_id, connected_at) VALUES (44, '2023-06-04 20:33:33');
INSERT INTO session_table (user_id, connected_at) VALUES (69, '2023-06-02 11:38:44');
INSERT INTO session_table (user_id, connected_at) VALUES (91, '2023-03-05 20:34:04');
INSERT INTO session_table (user_id, connected_at) VALUES (57, '2023-06-15 08:56:42');
INSERT INTO session_table (user_id, connected_at) VALUES (48, '2023-02-14 07:33:11');
INSERT INTO session_table (user_id, connected_at) VALUES (40, '2023-02-21 23:37:49');
INSERT INTO session_table (user_id, connected_at) VALUES (78, '2023-01-09 06:16:06');
INSERT INTO session_table (user_id, connected_at) VALUES (32, '2023-04-23 16:09:17');
INSERT INTO session_table (user_id, connected_at) VALUES (46, '2023-06-04 17:15:57');
INSERT INTO session_table (user_id, connected_at) VALUES (88, '2023-04-25 01:27:04');
INSERT INTO session_table (user_id, connected_at) VALUES (17, '2023-02-20 14:01:38');
INSERT INTO session_table (user_id, connected_at) VALUES (15, '2023-05-03 04:52:11');
INSERT INTO session_table (user_id, connected_at) VALUES (66, '2023-01-24 20:27:15');
INSERT INTO session_table (user_id, connected_at) VALUES (51, '2023-01-13 18:11:48');
INSERT INTO session_table (user_id, connected_at) VALUES (36, '2023-01-01 06:29:13');
INSERT INTO session_table (user_id, connected_at) VALUES (17, '2023-02-02 18:31:55');
INSERT INTO session_table (user_id, connected_at) VALUES (64, '2023-05-02 01:18:43');
INSERT INTO session_table (user_id, connected_at) VALUES (11, '2023-06-13 00:09:27');
INSERT INTO session_table (user_id, connected_at) VALUES (47, '2023-01-27 20:19:27');
INSERT INTO session_table (user_id, connected_at) VALUES (32, '2023-06-09 19:31:00');
INSERT INTO session_table (user_id, connected_at) VALUES (96, '2023-01-25 11:33:34');
INSERT INTO session_table (user_id, connected_at) VALUES (11, '2023-01-13 12:44:15');
INSERT INTO session_table (user_id, connected_at) VALUES (86, '2023-06-09 15:02:53');
INSERT INTO session_table (user_id, connected_at) VALUES (62, '2023-05-18 06:47:43');
INSERT INTO session_table (user_id, connected_at) VALUES (46, '2023-02-09 02:03:38');
INSERT INTO session_table (user_id, connected_at) VALUES (29, '2023-02-21 17:38:27');
INSERT INTO session_table (user_id, connected_at) VALUES (46, '2023-04-09 21:44:00');
INSERT INTO session_table (user_id, connected_at) VALUES (50, '2023-06-11 06:36:17');
INSERT INTO session_table (user_id, connected_at) VALUES (41, '2023-05-26 06:35:02');
INSERT INTO session_table (user_id, connected_at) VALUES (34, '2023-05-23 20:12:16');
INSERT INTO session_table (user_id, connected_at) VALUES (6, '2023-05-20 04:58:00');
INSERT INTO session_table (user_id, connected_at) VALUES (17, '2023-05-30 05:28:28');
INSERT INTO session_table (user_id, connected_at) VALUES (29, '2023-05-09 03:53:48');
INSERT INTO session_table (user_id, connected_at) VALUES (57, '2023-06-20 19:15:31');
INSERT INTO session_table (user_id, connected_at) VALUES (63, '2023-03-06 12:30:14');
INSERT INTO session_table (user_id, connected_at) VALUES (81, '2023-04-09 17:52:11');
INSERT INTO session_table (user_id, connected_at) VALUES (74, '2023-01-10 09:48:41');
INSERT INTO session_table (user_id, connected_at) VALUES (11, '2023-05-15 05:10:16');
INSERT INTO session_table (user_id, connected_at) VALUES (63, '2023-06-12 21:59:59');
INSERT INTO session_table (user_id, connected_at) VALUES (41, '2023-03-15 03:09:16');
INSERT INTO session_table (user_id, connected_at) VALUES (71, '2023-06-11 15:20:29');
INSERT INTO session_table (user_id, connected_at) VALUES (85, '2023-06-08 03:14:02');
INSERT INTO session_table (user_id, connected_at) VALUES (47, '2023-06-19 14:16:42');
INSERT INTO session_table (user_id, connected_at) VALUES (90, '2023-02-04 18:13:36');
INSERT INTO session_table (user_id, connected_at) VALUES (25, '2023-03-13 22:13:52');
INSERT INTO session_table (user_id, connected_at) VALUES (13, '2023-06-06 23:41:20');
INSERT INTO session_table (user_id, connected_at) VALUES (1, '2023-06-26 04:02:10');
INSERT INTO session_table (user_id, connected_at) VALUES (48, '2023-05-11 22:28:17');
INSERT INTO session_table (user_id, connected_at) VALUES (8, '2023-05-15 11:45:32');
INSERT INTO session_table (user_id, connected_at) VALUES (43, '2023-02-04 15:27:35');
INSERT INTO session_table (user_id, connected_at) VALUES (62, '2023-02-13 12:09:24');
INSERT INTO session_table (user_id, connected_at) VALUES (2, '2023-03-08 15:28:26');
INSERT INTO session_table (user_id, connected_at) VALUES (48, '2023-04-20 00:27:13');
INSERT INTO session_table (user_id, connected_at) VALUES (41, '2023-06-03 18:45:38');
INSERT INTO session_table (user_id, connected_at) VALUES (96, '2023-06-10 20:42:26');
INSERT INTO session_table (user_id, connected_at) VALUES (56, '2023-01-05 09:43:16');
INSERT INTO session_table (user_id, connected_at) VALUES (12, '2023-01-23 08:35:54');
INSERT INTO session_table (user_id, connected_at) VALUES (12, '2023-02-12 20:06:05');
INSERT INTO session_table (user_id, connected_at) VALUES (87, '2023-02-10 23:56:02');
INSERT INTO session_table (user_id, connected_at) VALUES (72, '2023-05-17 11:24:02');
INSERT INTO session_table (user_id, connected_at) VALUES (90, '2023-03-04 10:42:49');
INSERT INTO session_table (user_id, connected_at) VALUES (75, '2023-05-06 15:59:27');
INSERT INTO session_table (user_id, connected_at) VALUES (66, '2023-05-13 01:30:00');
INSERT INTO session_table (user_id, connected_at) VALUES (34, '2023-01-08 09:32:12');
INSERT INTO session_table (user_id, connected_at) VALUES (8, '2023-06-16 11:38:24');
INSERT INTO session_table (user_id, connected_at) VALUES (64, '2023-06-18 13:51:43');
INSERT INTO session_table (user_id, connected_at) VALUES (4, '2023-05-08 00:59:03');
INSERT INTO session_table (user_id, connected_at) VALUES (3, '2023-06-28 21:33:49');
INSERT INTO session_table (user_id, connected_at) VALUES (50, '2023-04-19 08:38:14');
INSERT INTO session_table (user_id, connected_at) VALUES (99, '2023-02-03 13:05:16');
INSERT INTO session_table (user_id, connected_at) VALUES (49, '2023-06-07 12:12:21');
INSERT INTO session_table (user_id, connected_at) VALUES (70, '2023-01-21 06:05:55');
INSERT INTO session_table (user_id, connected_at) VALUES (31, '2023-04-21 11:21:22');
INSERT INTO session_table (user_id, connected_at) VALUES (13, '2023-04-19 18:16:01');
INSERT INTO session_table (user_id, connected_at) VALUES (92, '2023-05-21 03:29:05');
INSERT INTO session_table (user_id, connected_at) VALUES (22, '2023-06-11 14:08:23');
INSERT INTO session_table (user_id, connected_at) VALUES (68, '2023-05-12 23:51:42');
INSERT INTO session_table (user_id, connected_at) VALUES (21, '2023-01-15 22:05:26');
INSERT INTO session_table (user_id, connected_at) VALUES (18, '2023-04-05 11:59:33');
INSERT INTO session_table (user_id, connected_at) VALUES (76, '2023-02-01 19:23:09');
INSERT INTO session_table (user_id, connected_at) VALUES (48, '2023-05-03 22:57:40');
INSERT INTO session_table (user_id, connected_at) VALUES (26, '2023-05-25 12:29:24');
INSERT INTO session_table (user_id, connected_at) VALUES (42, '2023-02-27 01:21:58');
INSERT INTO session_table (user_id, connected_at) VALUES (80, '2023-04-21 07:17:32');
INSERT INTO session_table (user_id, connected_at) VALUES (79, '2023-02-22 09:05:37');
INSERT INTO session_table (user_id, connected_at) VALUES (32, '2023-03-28 23:10:27');
INSERT INTO session_table (user_id, connected_at) VALUES (23, '2023-03-24 20:41:02');
INSERT INTO session_table (user_id, connected_at) VALUES (22, '2023-02-11 09:55:03');
INSERT INTO session_table (user_id, connected_at) VALUES (69, '2023-06-25 21:06:30');
INSERT INTO session_table (user_id, connected_at) VALUES (28, '2023-02-22 12:35:05');
INSERT INTO session_table (user_id, connected_at) VALUES (43, '2023-05-02 17:27:48');
INSERT INTO session_table (user_id, connected_at) VALUES (87, '2023-05-28 23:44:14');
INSERT INTO session_table (user_id, connected_at) VALUES (17, '2023-02-06 20:11:12');
INSERT INTO session_table (user_id, connected_at) VALUES (81, '2023-01-09 06:36:45');
INSERT INTO session_table (user_id, connected_at) VALUES (29, '2023-04-27 15:57:25');
INSERT INTO session_table (user_id, connected_at) VALUES (37, '2023-04-29 08:07:49');
INSERT INTO session_table (user_id, connected_at) VALUES (76, '2023-04-02 19:27:51');
INSERT INTO session_table (user_id, connected_at) VALUES (50, '2023-01-31 18:54:37');
INSERT INTO session_table (user_id, connected_at) VALUES (4, '2023-06-04 18:54:07');
INSERT INTO session_table (user_id, connected_at) VALUES (21, '2023-02-16 05:45:47');
INSERT INTO session_table (user_id, connected_at) VALUES (39, '2023-04-04 01:53:00');
INSERT INTO session_table (user_id, connected_at) VALUES (65, '2023-04-03 17:02:56');
INSERT INTO session_table (user_id, connected_at) VALUES (28, '2023-03-20 04:35:26');
INSERT INTO session_table (user_id, connected_at) VALUES (69, '2023-03-22 07:20:23');
INSERT INTO session_table (user_id, connected_at) VALUES (74, '2023-02-10 04:41:56');
INSERT INTO session_table (user_id, connected_at) VALUES (34, '2023-06-24 12:36:31');
INSERT INTO session_table (user_id, connected_at) VALUES (47, '2023-01-17 14:27:57');
INSERT INTO session_table (user_id, connected_at) VALUES (78, '2023-01-04 13:27:26');
INSERT INTO session_table (user_id, connected_at) VALUES (6, '2023-04-07 13:48:37');
INSERT INTO session_table (user_id, connected_at) VALUES (40, '2023-04-07 20:38:50');
INSERT INTO session_table (user_id, connected_at) VALUES (52, '2023-01-27 08:04:18');
INSERT INTO session_table (user_id, connected_at) VALUES (50, '2023-04-12 00:11:05');
INSERT INTO session_table (user_id, connected_at) VALUES (64, '2023-05-16 23:47:53');
INSERT INTO session_table (user_id, connected_at) VALUES (88, '2023-06-08 07:02:17');
INSERT INTO session_table (user_id, connected_at) VALUES (41, '2023-02-02 06:21:37');
INSERT INTO session_table (user_id, connected_at) VALUES (55, '2023-03-15 22:53:45');
INSERT INTO session_table (user_id, connected_at) VALUES (56, '2023-03-05 02:50:48');
INSERT INTO session_table (user_id, connected_at) VALUES (22, '2023-02-25 22:56:04');
INSERT INTO session_table (user_id, connected_at) VALUES (51, '2023-02-08 08:07:18');
INSERT INTO session_table (user_id, connected_at) VALUES (43, '2023-01-17 11:57:16');
INSERT INTO session_table (user_id, connected_at) VALUES (79, '2023-06-21 02:42:53');
INSERT INTO session_table (user_id, connected_at) VALUES (10, '2023-02-05 00:33:37');
INSERT INTO session_table (user_id, connected_at) VALUES (85, '2023-05-18 09:29:32');
INSERT INTO session_table (user_id, connected_at) VALUES (22, '2023-01-23 17:45:46');
INSERT INTO session_table (user_id, connected_at) VALUES (97, '2023-06-17 05:07:46');
INSERT INTO session_table (user_id, connected_at) VALUES (49, '2023-01-30 00:41:30');
INSERT INTO session_table (user_id, connected_at) VALUES (93, '2023-05-16 14:13:19');
INSERT INTO session_table (user_id, connected_at) VALUES (55, '2023-04-21 18:02:06');
INSERT INTO session_table (user_id, connected_at) VALUES (51, '2023-01-19 07:53:40');
INSERT INTO session_table (user_id, connected_at) VALUES (13, '2023-02-12 18:11:52');
INSERT INTO session_table (user_id, connected_at) VALUES (90, '2023-04-22 12:58:00');
INSERT INTO session_table (user_id, connected_at) VALUES (58, '2023-05-17 23:52:29');
INSERT INTO session_table (user_id, connected_at) VALUES (95, '2023-06-29 03:03:49');
INSERT INTO session_table (user_id, connected_at) VALUES (11, '2023-03-07 05:10:28');
INSERT INTO session_table (user_id, connected_at) VALUES (88, '2023-01-05 13:41:35');
INSERT INTO session_table (user_id, connected_at) VALUES (83, '2023-05-25 14:23:55');
INSERT INTO session_table (user_id, connected_at) VALUES (42, '2023-01-19 10:14:55');
INSERT INTO session_table (user_id, connected_at) VALUES (21, '2023-05-12 07:02:02');
INSERT INTO session_table (user_id, connected_at) VALUES (10, '2023-01-18 15:17:09');
INSERT INTO session_table (user_id, connected_at) VALUES (2, '2023-02-21 14:57:22');
INSERT INTO session_table (user_id, connected_at) VALUES (96, '2023-04-21 15:08:14');
INSERT INTO session_table (user_id, connected_at) VALUES (53, '2023-04-24 21:54:22');
INSERT INTO session_table (user_id, connected_at) VALUES (63, '2023-06-21 07:52:55');
INSERT INTO session_table (user_id, connected_at) VALUES (82, '2023-05-11 17:38:43');
INSERT INTO session_table (user_id, connected_at) VALUES (93, '2023-05-30 20:40:59');
INSERT INTO session_table (user_id, connected_at) VALUES (90, '2023-04-30 23:13:47');
INSERT INTO session_table (user_id, connected_at) VALUES (60, '2023-03-27 20:36:24');
INSERT INTO session_table (user_id, connected_at) VALUES (8, '2023-05-29 06:43:40');
INSERT INTO session_table (user_id, connected_at) VALUES (11, '2023-04-30 16:24:52');
INSERT INTO session_table (user_id, connected_at) VALUES (24, '2023-04-15 18:39:17');
INSERT INTO session_table (user_id, connected_at) VALUES (89, '2023-05-22 20:52:02');
INSERT INTO session_table (user_id, connected_at) VALUES (71, '2023-03-01 05:12:47');
INSERT INTO session_table (user_id, connected_at) VALUES (29, '2023-06-16 01:32:24');
INSERT INTO session_table (user_id, connected_at) VALUES (55, '2023-04-27 19:38:52');
INSERT INTO session_table (user_id, connected_at) VALUES (63, '2023-03-31 16:54:52');
INSERT INTO session_table (user_id, connected_at) VALUES (14, '2023-01-23 19:29:19');
INSERT INTO session_table (user_id, connected_at) VALUES (25, '2023-01-23 23:05:10');
INSERT INTO session_table (user_id, connected_at) VALUES (85, '2023-05-16 03:06:55');
INSERT INTO session_table (user_id, connected_at) VALUES (17, '2023-06-22 10:56:06');
INSERT INTO session_table (user_id, connected_at) VALUES (27, '2023-01-18 22:19:54');
INSERT INTO session_table (user_id, connected_at) VALUES (91, '2023-03-19 18:05:04');
INSERT INTO session_table (user_id, connected_at) VALUES (21, '2023-06-16 03:43:19');
INSERT INTO session_table (user_id, connected_at) VALUES (31, '2023-05-29 17:00:04');
INSERT INTO session_table (user_id, connected_at) VALUES (49, '2023-02-26 15:29:34');
INSERT INTO session_table (user_id, connected_at) VALUES (78, '2023-06-25 02:23:56');
INSERT INTO session_table (user_id, connected_at) VALUES (41, '2023-02-07 22:45:15');
INSERT INTO session_table (user_id, connected_at) VALUES (23, '2023-03-17 19:07:29');
INSERT INTO session_table (user_id, connected_at) VALUES (51, '2023-04-30 13:17:35');
INSERT INTO session_table (user_id, connected_at) VALUES (21, '2023-01-23 08:44:29');
INSERT INTO session_table (user_id, connected_at) VALUES (73, '2023-01-15 10:29:03');
INSERT INTO session_table (user_id, connected_at) VALUES (90, '2023-01-10 11:46:16');
INSERT INTO session_table (user_id, connected_at) VALUES (42, '2023-04-26 09:18:33');
INSERT INTO session_table (user_id, connected_at) VALUES (55, '2023-04-28 03:09:50');
INSERT INTO session_table (user_id, connected_at) VALUES (37, '2023-04-16 13:08:50');
INSERT INTO session_table (user_id, connected_at) VALUES (94, '2023-03-20 20:54:01');
INSERT INTO session_table (user_id, connected_at) VALUES (1, '2023-04-03 22:58:50');
INSERT INTO session_table (user_id, connected_at) VALUES (81, '2023-03-02 18:52:01');
INSERT INTO session_table (user_id, connected_at) VALUES (22, '2023-05-08 06:45:06');
INSERT INTO session_table (user_id, connected_at) VALUES (13, '2023-05-02 22:18:15');
INSERT INTO session_table (user_id, connected_at) VALUES (67, '2023-05-07 22:44:43');
INSERT INTO session_table (user_id, connected_at) VALUES (5, '2023-01-14 09:16:20');
INSERT INTO session_table (user_id, connected_at) VALUES (37, '2023-02-27 23:34:50');
INSERT INTO session_table (user_id, connected_at) VALUES (44, '2023-03-15 00:06:01');
INSERT INTO session_table (user_id, connected_at) VALUES (21, '2023-05-31 07:10:56');
INSERT INTO session_table (user_id, connected_at) VALUES (62, '2023-02-28 10:39:26');
INSERT INTO session_table (user_id, connected_at) VALUES (31, '2023-03-19 06:21:06');
INSERT INTO session_table (user_id, connected_at) VALUES (28, '2023-03-14 23:14:17');
INSERT INTO session_table (user_id, connected_at) VALUES (35, '2023-03-31 17:23:39');
INSERT INTO session_table (user_id, connected_at) VALUES (21, '2023-04-01 17:29:54');
INSERT INTO session_table (user_id, connected_at) VALUES (16, '2023-05-09 09:34:10');
INSERT INTO session_table (user_id, connected_at) VALUES (35, '2023-05-29 05:44:12');
INSERT INTO session_table (user_id, connected_at) VALUES (4, '2023-02-12 09:07:41');
INSERT INTO session_table (user_id, connected_at) VALUES (64, '2023-04-16 00:43:00');
INSERT INTO session_table (user_id, connected_at) VALUES (100, '2023-01-02 16:12:18');
INSERT INTO session_table (user_id, connected_at) VALUES (67, '2023-04-29 23:38:21');
INSERT INTO session_table (user_id, connected_at) VALUES (76, '2023-02-09 20:13:41');
INSERT INTO session_table (user_id, connected_at) VALUES (12, '2023-02-20 01:34:46');
INSERT INTO session_table (user_id, connected_at) VALUES (12, '2023-02-17 08:17:27');
INSERT INTO session_table (user_id, connected_at) VALUES (16, '2023-04-27 00:18:28');
INSERT INTO session_table (user_id, connected_at) VALUES (47, '2023-06-17 17:12:45');
INSERT INTO session_table (user_id, connected_at) VALUES (29, '2023-06-20 19:58:09');
INSERT INTO session_table (user_id, connected_at) VALUES (85, '2023-01-07 16:45:59');
INSERT INTO session_table (user_id, connected_at) VALUES (27, '2023-06-17 23:47:12');
INSERT INTO session_table (user_id, connected_at) VALUES (44, '2023-05-23 10:30:15');
INSERT INTO session_table (user_id, connected_at) VALUES (58, '2023-03-05 07:27:42');
INSERT INTO session_table (user_id, connected_at) VALUES (24, '2023-05-26 15:29:06');
INSERT INTO session_table (user_id, connected_at) VALUES (55, '2023-03-17 17:24:39');
INSERT INTO session_table (user_id, connected_at) VALUES (74, '2023-05-19 01:28:51');
INSERT INTO session_table (user_id, connected_at) VALUES (45, '2023-04-20 18:19:40');
INSERT INTO session_table (user_id, connected_at) VALUES (78, '2023-04-30 05:52:12');
INSERT INTO session_table (user_id, connected_at) VALUES (57, '2023-06-13 20:26:41');
INSERT INTO session_table (user_id, connected_at) VALUES (36, '2023-02-14 16:42:47');
INSERT INTO session_table (user_id, connected_at) VALUES (43, '2023-03-02 14:15:38');
INSERT INTO session_table (user_id, connected_at) VALUES (95, '2023-06-15 08:29:22');
INSERT INTO session_table (user_id, connected_at) VALUES (3, '2023-05-17 23:17:24');
INSERT INTO session_table (user_id, connected_at) VALUES (47, '2023-02-07 04:58:54');
INSERT INTO session_table (user_id, connected_at) VALUES (66, '2023-01-16 00:45:55');
INSERT INTO session_table (user_id, connected_at) VALUES (49, '2023-06-22 03:38:09');
INSERT INTO session_table (user_id, connected_at) VALUES (81, '2023-04-10 14:12:56');
INSERT INTO session_table (user_id, connected_at) VALUES (76, '2023-06-03 16:50:51');
INSERT INTO session_table (user_id, connected_at) VALUES (88, '2023-01-21 07:36:10');
INSERT INTO session_table (user_id, connected_at) VALUES (97, '2023-03-28 11:44:21');
INSERT INTO session_table (user_id, connected_at) VALUES (23, '2023-04-24 03:26:37');
INSERT INTO session_table (user_id, connected_at) VALUES (2, '2023-04-12 02:27:04');
INSERT INTO session_table (user_id, connected_at) VALUES (39, '2023-04-30 07:47:38');
INSERT INTO session_table (user_id, connected_at) VALUES (78, '2023-06-07 21:28:40');
INSERT INTO session_table (user_id, connected_at) VALUES (82, '2023-01-03 22:20:28');
INSERT INTO session_table (user_id, connected_at) VALUES (97, '2023-06-02 01:47:28');
INSERT INTO session_table (user_id, connected_at) VALUES (42, '2023-06-25 08:20:49');
INSERT INTO session_table (user_id, connected_at) VALUES (82, '2023-05-15 07:21:54');
INSERT INTO session_table (user_id, connected_at) VALUES (16, '2023-06-18 17:51:21');
INSERT INTO session_table (user_id, connected_at) VALUES (7, '2023-01-08 01:46:59');
INSERT INTO session_table (user_id, connected_at) VALUES (77, '2023-05-24 21:02:32');
INSERT INTO session_table (user_id, connected_at) VALUES (5, '2023-01-07 13:10:25');
INSERT INTO session_table (user_id, connected_at) VALUES (79, '2023-03-19 04:43:00');
INSERT INTO session_table (user_id, connected_at) VALUES (8, '2023-03-17 07:07:21');
INSERT INTO session_table (user_id, connected_at) VALUES (21, '2023-02-26 14:48:15');
INSERT INTO session_table (user_id, connected_at) VALUES (16, '2023-03-22 15:18:01');
INSERT INTO session_table (user_id, connected_at) VALUES (56, '2023-01-25 07:00:16');
INSERT INTO session_table (user_id, connected_at) VALUES (56, '2023-04-30 10:30:42');
INSERT INTO session_table (user_id, connected_at) VALUES (100, '2023-02-14 16:26:42');
INSERT INTO session_table (user_id, connected_at) VALUES (50, '2023-06-29 11:05:13');
INSERT INTO session_table (user_id, connected_at) VALUES (14, '2023-03-11 00:57:08');
INSERT INTO session_table (user_id, connected_at) VALUES (60, '2023-03-19 01:28:04');
INSERT INTO session_table (user_id, connected_at) VALUES (9, '2023-01-10 01:37:54');
INSERT INTO session_table (user_id, connected_at) VALUES (62, '2023-01-18 09:11:11');
INSERT INTO session_table (user_id, connected_at) VALUES (12, '2023-06-10 17:22:58');
INSERT INTO session_table (user_id, connected_at) VALUES (37, '2023-02-28 09:28:13');
INSERT INTO session_table (user_id, connected_at) VALUES (52, '2023-01-04 03:48:25');
INSERT INTO session_table (user_id, connected_at) VALUES (63, '2023-01-11 12:29:54');
INSERT INTO session_table (user_id, connected_at) VALUES (92, '2023-05-27 11:15:11');
INSERT INTO session_table (user_id, connected_at) VALUES (84, '2023-06-19 17:21:51');
INSERT INTO session_table (user_id, connected_at) VALUES (23, '2023-02-04 09:31:39');
INSERT INTO session_table (user_id, connected_at) VALUES (53, '2023-04-01 19:13:04');
INSERT INTO session_table (user_id, connected_at) VALUES (23, '2023-02-04 23:38:52');
INSERT INTO session_table (user_id, connected_at) VALUES (73, '2023-03-11 13:46:07');
INSERT INTO session_table (user_id, connected_at) VALUES (71, '2023-01-20 07:43:52');
INSERT INTO session_table (user_id, connected_at) VALUES (11, '2023-06-22 15:48:24');
INSERT INTO session_table (user_id, connected_at) VALUES (64, '2023-03-05 02:59:01');
INSERT INTO session_table (user_id, connected_at) VALUES (54, '2023-03-11 11:06:38');
INSERT INTO session_table (user_id, connected_at) VALUES (12, '2023-04-30 16:41:39');
INSERT INTO session_table (user_id, connected_at) VALUES (84, '2023-05-11 09:42:03');
INSERT INTO session_table (user_id, connected_at) VALUES (43, '2023-04-14 14:32:46');
INSERT INTO session_table (user_id, connected_at) VALUES (71, '2023-03-01 01:52:17');
INSERT INTO session_table (user_id, connected_at) VALUES (38, '2023-05-25 15:45:25');
INSERT INTO session_table (user_id, connected_at) VALUES (78, '2023-02-23 21:37:09');
INSERT INTO session_table (user_id, connected_at) VALUES (95, '2023-03-26 09:19:34');
INSERT INTO session_table (user_id, connected_at) VALUES (78, '2023-04-06 23:16:09');
INSERT INTO session_table (user_id, connected_at) VALUES (82, '2023-01-25 05:15:08');
INSERT INTO session_table (user_id, connected_at) VALUES (34, '2023-05-12 15:10:25');
INSERT INTO session_table (user_id, connected_at) VALUES (72, '2023-03-12 05:22:54');
INSERT INTO session_table (user_id, connected_at) VALUES (89, '2023-03-10 11:09:07');
INSERT INTO session_table (user_id, connected_at) VALUES (57, '2023-06-08 04:40:59');
INSERT INTO session_table (user_id, connected_at) VALUES (76, '2023-04-18 17:33:29');
INSERT INTO session_table (user_id, connected_at) VALUES (49, '2023-06-19 15:34:37');
INSERT INTO session_table (user_id, connected_at) VALUES (29, '2023-03-13 17:12:24');
INSERT INTO session_table (user_id, connected_at) VALUES (56, '2023-04-20 03:57:49');
INSERT INTO session_table (user_id, connected_at) VALUES (96, '2023-05-24 18:46:16');
INSERT INTO session_table (user_id, connected_at) VALUES (7, '2023-05-17 10:00:17');
INSERT INTO session_table (user_id, connected_at) VALUES (53, '2023-04-22 06:33:08');
INSERT INTO session_table (user_id, connected_at) VALUES (77, '2023-03-23 23:03:19');
INSERT INTO session_table (user_id, connected_at) VALUES (77, '2023-02-12 05:58:25');
INSERT INTO session_table (user_id, connected_at) VALUES (19, '2023-03-18 22:01:43');
INSERT INTO session_table (user_id, connected_at) VALUES (42, '2023-05-30 03:46:01');
INSERT INTO session_table (user_id, connected_at) VALUES (27, '2023-01-21 19:32:42');
INSERT INTO session_table (user_id, connected_at) VALUES (92, '2023-02-04 10:49:57');
INSERT INTO session_table (user_id, connected_at) VALUES (24, '2023-03-31 22:10:16');
INSERT INTO session_table (user_id, connected_at) VALUES (72, '2023-03-21 21:09:05');
INSERT INTO session_table (user_id, connected_at) VALUES (17, '2023-06-27 22:17:55');
INSERT INTO session_table (user_id, connected_at) VALUES (68, '2023-02-04 11:52:41');
INSERT INTO session_table (user_id, connected_at) VALUES (63, '2023-01-17 09:44:30');
INSERT INTO session_table (user_id, connected_at) VALUES (31, '2023-04-03 13:32:32');
INSERT INTO session_table (user_id, connected_at) VALUES (52, '2023-04-03 12:07:54');
INSERT INTO session_table (user_id, connected_at) VALUES (38, '2023-03-29 15:44:07');
INSERT INTO session_table (user_id, connected_at) VALUES (4, '2023-02-13 10:56:13');
INSERT INTO session_table (user_id, connected_at) VALUES (52, '2023-06-23 09:51:41');
INSERT INTO session_table (user_id, connected_at) VALUES (81, '2023-02-20 14:12:38');
INSERT INTO session_table (user_id, connected_at) VALUES (58, '2023-03-06 14:50:37');
INSERT INTO session_table (user_id, connected_at) VALUES (72, '2023-02-28 01:41:41');
INSERT INTO session_table (user_id, connected_at) VALUES (95, '2023-05-14 01:04:13');
INSERT INTO session_table (user_id, connected_at) VALUES (21, '2023-01-05 05:25:31');
INSERT INTO session_table (user_id, connected_at) VALUES (60, '2023-05-25 21:42:05');
INSERT INTO session_table (user_id, connected_at) VALUES (96, '2023-06-12 03:12:21');
INSERT INTO session_table (user_id, connected_at) VALUES (39, '2023-05-03 17:47:39');
INSERT INTO session_table (user_id, connected_at) VALUES (14, '2023-02-20 02:26:06');
INSERT INTO session_table (user_id, connected_at) VALUES (67, '2023-03-29 16:12:47');
INSERT INTO session_table (user_id, connected_at) VALUES (93, '2023-02-17 11:30:27');
INSERT INTO session_table (user_id, connected_at) VALUES (37, '2023-02-24 04:21:15');
INSERT INTO session_table (user_id, connected_at) VALUES (63, '2023-01-24 21:22:04');
INSERT INTO session_table (user_id, connected_at) VALUES (9, '2023-06-16 17:19:30');
INSERT INTO session_table (user_id, connected_at) VALUES (4, '2023-02-23 16:30:09');
INSERT INTO session_table (user_id, connected_at) VALUES (26, '2023-03-07 02:41:26');
INSERT INTO session_table (user_id, connected_at) VALUES (29, '2023-05-17 05:56:21');
INSERT INTO session_table (user_id, connected_at) VALUES (31, '2023-04-18 08:12:27');
INSERT INTO session_table (user_id, connected_at) VALUES (13, '2023-03-10 12:25:26');
INSERT INTO session_table (user_id, connected_at) VALUES (37, '2023-06-20 16:40:33');
INSERT INTO session_table (user_id, connected_at) VALUES (45, '2023-04-22 13:31:06');
INSERT INTO session_table (user_id, connected_at) VALUES (75, '2023-06-02 19:51:58');
INSERT INTO session_table (user_id, connected_at) VALUES (22, '2023-04-22 22:17:45');
INSERT INTO session_table (user_id, connected_at) VALUES (92, '2023-04-01 18:48:38');
INSERT INTO session_table (user_id, connected_at) VALUES (4, '2023-01-31 08:19:48');
INSERT INTO session_table (user_id, connected_at) VALUES (78, '2023-04-13 10:57:03');
INSERT INTO session_table (user_id, connected_at) VALUES (25, '2023-05-04 16:39:19');
INSERT INTO session_table (user_id, connected_at) VALUES (40, '2023-06-14 13:24:33');
INSERT INTO session_table (user_id, connected_at) VALUES (57, '2023-02-06 20:11:07');
INSERT INTO session_table (user_id, connected_at) VALUES (79, '2023-03-14 22:55:22');
INSERT INTO session_table (user_id, connected_at) VALUES (63, '2023-06-01 04:28:59');
INSERT INTO session_table (user_id, connected_at) VALUES (19, '2023-03-24 21:46:25');
INSERT INTO session_table (user_id, connected_at) VALUES (96, '2023-06-14 02:59:08');
INSERT INTO session_table (user_id, connected_at) VALUES (17, '2023-03-18 04:48:41');
INSERT INTO session_table (user_id, connected_at) VALUES (93, '2023-01-15 09:20:42');
INSERT INTO session_table (user_id, connected_at) VALUES (58, '2023-03-19 17:59:44');
INSERT INTO session_table (user_id, connected_at) VALUES (49, '2023-01-25 09:52:45');
INSERT INTO session_table (user_id, connected_at) VALUES (35, '2023-04-12 20:13:14');
INSERT INTO session_table (user_id, connected_at) VALUES (32, '2023-03-18 20:58:50');
INSERT INTO session_table (user_id, connected_at) VALUES (87, '2023-04-28 16:05:19');
INSERT INTO session_table (user_id, connected_at) VALUES (68, '2023-06-09 02:58:58');
INSERT INTO session_table (user_id, connected_at) VALUES (1, '2023-05-27 17:09:46');
INSERT INTO session_table (user_id, connected_at) VALUES (30, '2023-02-20 15:05:00');
INSERT INTO session_table (user_id, connected_at) VALUES (100, '2023-02-01 01:32:06');
INSERT INTO session_table (user_id, connected_at) VALUES (42, '2023-05-18 22:40:21');
INSERT INTO session_table (user_id, connected_at) VALUES (34, '2023-02-15 15:16:11');
INSERT INTO session_table (user_id, connected_at) VALUES (47, '2023-03-21 10:24:14');
INSERT INTO session_table (user_id, connected_at) VALUES (71, '2023-05-09 17:36:55');
INSERT INTO session_table (user_id, connected_at) VALUES (26, '2023-05-12 23:10:02');
INSERT INTO session_table (user_id, connected_at) VALUES (50, '2023-03-24 15:57:02');
INSERT INTO session_table (user_id, connected_at) VALUES (12, '2023-02-13 01:22:26');
INSERT INTO session_table (user_id, connected_at) VALUES (72, '2023-01-13 21:56:48');
INSERT INTO session_table (user_id, connected_at) VALUES (74, '2023-01-07 06:35:37');
INSERT INTO session_table (user_id, connected_at) VALUES (38, '2023-06-13 18:43:46');
INSERT INTO session_table (user_id, connected_at) VALUES (62, '2023-03-24 23:57:02');
INSERT INTO session_table (user_id, connected_at) VALUES (23, '2023-02-01 11:54:20');
INSERT INTO session_table (user_id, connected_at) VALUES (12, '2023-01-19 19:57:19');
INSERT INTO session_table (user_id, connected_at) VALUES (79, '2023-06-21 21:02:17');
INSERT INTO session_table (user_id, connected_at) VALUES (26, '2023-06-01 12:07:49');
INSERT INTO session_table (user_id, connected_at) VALUES (80, '2023-02-20 21:19:26');
INSERT INTO session_table (user_id, connected_at) VALUES (25, '2023-05-28 05:41:20');
INSERT INTO session_table (user_id, connected_at) VALUES (68, '2023-01-22 02:22:01');
INSERT INTO session_table (user_id, connected_at) VALUES (42, '2023-03-02 22:04:37');
INSERT INTO session_table (user_id, connected_at) VALUES (31, '2023-01-17 06:52:05');
INSERT INTO session_table (user_id, connected_at) VALUES (17, '2023-06-12 17:49:38');
INSERT INTO session_table (user_id, connected_at) VALUES (23, '2023-01-18 03:15:53');
INSERT INTO session_table (user_id, connected_at) VALUES (99, '2023-02-07 15:08:48');
INSERT INTO session_table (user_id, connected_at) VALUES (35, '2023-01-15 18:27:36');
INSERT INTO session_table (user_id, connected_at) VALUES (76, '2023-02-24 15:31:33');
INSERT INTO session_table (user_id, connected_at) VALUES (47, '2023-01-24 14:33:28');
INSERT INTO session_table (user_id, connected_at) VALUES (91, '2023-06-08 06:18:13');
INSERT INTO session_table (user_id, connected_at) VALUES (57, '2023-03-18 11:36:42');
INSERT INTO session_table (user_id, connected_at) VALUES (93, '2023-05-08 17:28:15');
INSERT INTO session_table (user_id, connected_at) VALUES (48, '2023-03-04 21:15:05');
INSERT INTO session_table (user_id, connected_at) VALUES (78, '2023-03-08 11:11:20');
INSERT INTO session_table (user_id, connected_at) VALUES (77, '2023-03-05 18:06:14');
INSERT INTO session_table (user_id, connected_at) VALUES (39, '2023-04-17 18:14:35');
INSERT INTO session_table (user_id, connected_at) VALUES (98, '2023-01-21 21:14:22');
INSERT INTO session_table (user_id, connected_at) VALUES (94, '2023-04-11 15:05:38');
INSERT INTO session_table (user_id, connected_at) VALUES (29, '2023-04-22 04:25:10');
INSERT INTO session_table (user_id, connected_at) VALUES (49, '2023-01-29 23:49:55');
INSERT INTO session_table (user_id, connected_at) VALUES (83, '2023-03-01 13:22:18');
INSERT INTO session_table (user_id, connected_at) VALUES (96, '2023-05-14 22:09:58');
INSERT INTO session_table (user_id, connected_at) VALUES (38, '2023-01-08 15:16:48');
INSERT INTO session_table (user_id, connected_at) VALUES (92, '2023-01-18 17:15:11');
INSERT INTO session_table (user_id, connected_at) VALUES (12, '2023-02-12 17:06:43');
INSERT INTO session_table (user_id, connected_at) VALUES (64, '2023-01-06 06:44:49');
INSERT INTO session_table (user_id, connected_at) VALUES (66, '2023-05-10 02:19:33');
INSERT INTO session_table (user_id, connected_at) VALUES (38, '2023-06-24 05:54:43');
INSERT INTO session_table (user_id, connected_at) VALUES (82, '2023-04-15 19:04:57');
INSERT INTO session_table (user_id, connected_at) VALUES (95, '2023-06-15 10:26:07');
INSERT INTO session_table (user_id, connected_at) VALUES (35, '2023-04-27 02:46:47');
INSERT INTO session_table (user_id, connected_at) VALUES (47, '2023-01-13 17:42:39');
INSERT INTO session_table (user_id, connected_at) VALUES (98, '2023-02-27 06:12:54');
INSERT INTO session_table (user_id, connected_at) VALUES (95, '2023-01-02 14:27:48');
INSERT INTO session_table (user_id, connected_at) VALUES (99, '2023-01-28 07:39:46');
INSERT INTO session_table (user_id, connected_at) VALUES (3, '2023-02-08 15:58:35');
INSERT INTO session_table (user_id, connected_at) VALUES (12, '2023-06-16 17:23:51');
INSERT INTO session_table (user_id, connected_at) VALUES (7, '2023-04-13 02:50:59');
INSERT INTO session_table (user_id, connected_at) VALUES (83, '2023-01-22 07:44:00');
INSERT INTO session_table (user_id, connected_at) VALUES (7, '2023-04-14 01:42:18');
INSERT INTO session_table (user_id, connected_at) VALUES (63, '2023-06-11 15:37:00');
INSERT INTO session_table (user_id, connected_at) VALUES (62, '2023-06-03 17:03:43');
INSERT INTO session_table (user_id, connected_at) VALUES (27, '2023-04-08 00:12:46');
INSERT INTO session_table (user_id, connected_at) VALUES (3, '2023-01-03 08:44:28');
INSERT INTO session_table (user_id, connected_at) VALUES (5, '2023-04-01 21:21:54');
INSERT INTO session_table (user_id, connected_at) VALUES (57, '2023-01-26 16:43:18');
INSERT INTO session_table (user_id, connected_at) VALUES (44, '2023-03-07 17:31:42');
INSERT INTO session_table (user_id, connected_at) VALUES (23, '2023-03-29 16:26:19');
INSERT INTO session_table (user_id, connected_at) VALUES (19, '2023-04-03 19:58:49');
INSERT INTO session_table (user_id, connected_at) VALUES (55, '2023-01-17 04:03:17');
INSERT INTO session_table (user_id, connected_at) VALUES (82, '2023-01-26 04:21:56');
INSERT INTO session_table (user_id, connected_at) VALUES (98, '2023-03-27 15:51:41');
INSERT INTO session_table (user_id, connected_at) VALUES (93, '2023-03-04 13:45:03');
INSERT INTO session_table (user_id, connected_at) VALUES (91, '2023-05-10 20:48:44');
INSERT INTO session_table (user_id, connected_at) VALUES (58, '2023-03-25 13:23:57');
INSERT INTO session_table (user_id, connected_at) VALUES (42, '2023-03-08 19:23:54');
INSERT INTO session_table (user_id, connected_at) VALUES (62, '2023-01-18 12:07:13');
INSERT INTO session_table (user_id, connected_at) VALUES (90, '2023-02-27 18:20:58');
INSERT INTO session_table (user_id, connected_at) VALUES (99, '2023-01-26 14:10:42');
INSERT INTO session_table (user_id, connected_at) VALUES (37, '2023-06-08 23:03:09');
INSERT INTO session_table (user_id, connected_at) VALUES (75, '2023-04-12 05:43:06');
INSERT INTO session_table (user_id, connected_at) VALUES (96, '2023-02-08 04:09:41');
INSERT INTO session_table (user_id, connected_at) VALUES (33, '2023-06-26 23:53:38');
INSERT INTO session_table (user_id, connected_at) VALUES (84, '2023-05-02 02:05:39');
INSERT INTO session_table (user_id, connected_at) VALUES (3, '2023-05-18 00:14:37');
INSERT INTO session_table (user_id, connected_at) VALUES (85, '2023-05-10 14:44:03');
INSERT INTO session_table (user_id, connected_at) VALUES (47, '2023-03-07 20:16:20');
INSERT INTO session_table (user_id, connected_at) VALUES (81, '2023-05-29 23:26:52');
INSERT INTO session_table (user_id, connected_at) VALUES (43, '2023-05-08 18:29:50');
INSERT INTO session_table (user_id, connected_at) VALUES (35, '2023-06-03 18:07:41');
INSERT INTO session_table (user_id, connected_at) VALUES (68, '2023-01-01 04:12:14');
INSERT INTO session_table (user_id, connected_at) VALUES (67, '2023-04-19 16:30:59');
INSERT INTO session_table (user_id, connected_at) VALUES (59, '2023-01-30 12:39:05');
INSERT INTO session_table (user_id, connected_at) VALUES (37, '2023-04-28 15:05:37');
INSERT INTO session_table (user_id, connected_at) VALUES (52, '2023-01-16 07:16:31');
INSERT INTO session_table (user_id, connected_at) VALUES (80, '2023-04-21 12:07:12');
INSERT INTO session_table (user_id, connected_at) VALUES (44, '2023-06-16 05:00:53');
INSERT INTO session_table (user_id, connected_at) VALUES (88, '2023-01-22 06:18:13');
INSERT INTO session_table (user_id, connected_at) VALUES (66, '2023-03-04 06:29:48');
INSERT INTO session_table (user_id, connected_at) VALUES (6, '2023-06-22 08:08:07');
INSERT INTO session_table (user_id, connected_at) VALUES (39, '2023-04-18 11:58:01');
INSERT INTO session_table (user_id, connected_at) VALUES (80, '2023-03-01 01:06:41');
INSERT INTO session_table (user_id, connected_at) VALUES (87, '2023-05-05 05:55:18');
INSERT INTO session_table (user_id, connected_at) VALUES (95, '2023-05-05 07:10:37');
INSERT INTO session_table (user_id, connected_at) VALUES (92, '2023-04-20 22:34:02');
INSERT INTO session_table (user_id, connected_at) VALUES (53, '2023-01-03 05:49:04');
INSERT INTO session_table (user_id, connected_at) VALUES (9, '2023-06-09 00:42:10');
INSERT INTO session_table (user_id, connected_at) VALUES (29, '2023-05-09 23:26:46');
INSERT INTO session_table (user_id, connected_at) VALUES (40, '2023-04-01 06:25:22');
INSERT INTO session_table (user_id, connected_at) VALUES (93, '2023-01-29 03:31:21');
INSERT INTO session_table (user_id, connected_at) VALUES (15, '2023-03-01 04:33:52');
INSERT INTO session_table (user_id, connected_at) VALUES (3, '2023-03-12 20:05:44');
INSERT INTO session_table (user_id, connected_at) VALUES (86, '2023-04-25 10:26:47');
INSERT INTO session_table (user_id, connected_at) VALUES (89, '2023-02-07 07:11:02');
INSERT INTO session_table (user_id, connected_at) VALUES (81, '2023-02-09 10:10:12');
INSERT INTO session_table (user_id, connected_at) VALUES (73, '2023-01-19 18:53:23');
INSERT INTO session_table (user_id, connected_at) VALUES (46, '2023-06-17 12:37:26');
INSERT INTO session_table (user_id, connected_at) VALUES (40, '2023-04-28 00:22:25');
INSERT INTO session_table (user_id, connected_at) VALUES (64, '2023-02-10 23:07:04');
INSERT INTO session_table (user_id, connected_at) VALUES (84, '2023-03-22 07:25:45');
INSERT INTO session_table (user_id, connected_at) VALUES (92, '2023-02-14 20:24:11');
INSERT INTO session_table (user_id, connected_at) VALUES (2, '2023-05-29 16:11:29');
INSERT INTO session_table (user_id, connected_at) VALUES (15, '2023-01-19 21:18:27');
INSERT INTO session_table (user_id, connected_at) VALUES (65, '2023-01-06 06:57:14');
INSERT INTO session_table (user_id, connected_at) VALUES (64, '2023-03-16 06:29:08');
INSERT INTO session_table (user_id, connected_at) VALUES (62, '2023-04-13 16:12:22');
INSERT INTO session_table (user_id, connected_at) VALUES (13, '2023-03-09 21:25:30');
INSERT INTO session_table (user_id, connected_at) VALUES (16, '2023-02-04 11:47:55');
INSERT INTO session_table (user_id, connected_at) VALUES (17, '2023-05-13 11:26:18');
INSERT INTO session_table (user_id, connected_at) VALUES (18, '2023-06-17 16:23:15');
INSERT INTO session_table (user_id, connected_at) VALUES (32, '2023-05-01 03:38:42');
INSERT INTO session_table (user_id, connected_at) VALUES (82, '2023-01-30 09:18:00');
INSERT INTO session_table (user_id, connected_at) VALUES (78, '2023-05-14 02:10:57');
INSERT INTO session_table (user_id, connected_at) VALUES (26, '2023-05-26 05:43:24');
INSERT INTO session_table (user_id, connected_at) VALUES (46, '2023-02-17 15:28:00');
INSERT INTO session_table (user_id, connected_at) VALUES (16, '2023-03-01 15:44:09');
INSERT INTO session_table (user_id, connected_at) VALUES (63, '2023-04-22 17:35:43');
INSERT INTO session_table (user_id, connected_at) VALUES (42, '2023-02-11 18:34:16');
INSERT INTO session_table (user_id, connected_at) VALUES (22, '2023-03-10 03:15:17');
INSERT INTO session_table (user_id, connected_at) VALUES (22, '2023-06-04 17:14:44');
INSERT INTO session_table (user_id, connected_at) VALUES (31, '2023-04-02 23:32:32');
INSERT INTO session_table (user_id, connected_at) VALUES (25, '2023-04-03 10:59:43');
INSERT INTO session_table (user_id, connected_at) VALUES (33, '2023-02-19 07:58:08');
INSERT INTO session_table (user_id, connected_at) VALUES (50, '2023-04-06 20:54:04');
INSERT INTO session_table (user_id, connected_at) VALUES (26, '2023-05-19 00:49:22');
INSERT INTO session_table (user_id, connected_at) VALUES (87, '2023-04-09 22:06:37');
INSERT INTO session_table (user_id, connected_at) VALUES (61, '2023-06-20 01:28:26');
INSERT INTO session_table (user_id, connected_at) VALUES (43, '2023-06-25 04:52:37');
INSERT INTO session_table (user_id, connected_at) VALUES (23, '2023-01-12 19:41:08');
INSERT INTO session_table (user_id, connected_at) VALUES (37, '2023-06-26 15:04:17');
INSERT INTO session_table (user_id, connected_at) VALUES (47, '2023-06-06 00:32:48');
INSERT INTO session_table (user_id, connected_at) VALUES (13, '2023-01-23 13:47:49');
INSERT INTO session_table (user_id, connected_at) VALUES (49, '2023-03-22 08:33:44');
INSERT INTO session_table (user_id, connected_at) VALUES (84, '2023-01-26 10:02:05');
INSERT INTO session_table (user_id, connected_at) VALUES (80, '2023-04-01 20:50:26');
INSERT INTO session_table (user_id, connected_at) VALUES (30, '2023-03-10 07:05:23');
INSERT INTO session_table (user_id, connected_at) VALUES (57, '2023-03-16 08:59:39');
INSERT INTO session_table (user_id, connected_at) VALUES (27, '2023-02-19 22:04:34');
INSERT INTO session_table (user_id, connected_at) VALUES (2, '2023-05-11 20:58:17');
INSERT INTO session_table (user_id, connected_at) VALUES (10, '2023-01-04 09:57:50');
INSERT INTO session_table (user_id, connected_at) VALUES (27, '2023-05-15 20:50:38');
INSERT INTO session_table (user_id, connected_at) VALUES (55, '2023-01-01 16:44:38');
INSERT INTO session_table (user_id, connected_at) VALUES (78, '2023-05-19 04:36:12');
INSERT INTO session_table (user_id, connected_at) VALUES (91, '2023-03-18 08:04:56');
INSERT INTO session_table (user_id, connected_at) VALUES (9, '2023-01-19 14:49:38');
INSERT INTO session_table (user_id, connected_at) VALUES (86, '2023-01-29 01:10:49');
INSERT INTO session_table (user_id, connected_at) VALUES (46, '2023-04-25 23:32:32');
INSERT INTO session_table (user_id, connected_at) VALUES (53, '2023-05-03 00:41:29');
INSERT INTO session_table (user_id, connected_at) VALUES (53, '2023-04-25 01:42:21');
INSERT INTO session_table (user_id, connected_at) VALUES (91, '2023-03-10 19:00:01');
INSERT INTO session_table (user_id, connected_at) VALUES (88, '2023-03-28 10:15:40');
INSERT INTO session_table (user_id, connected_at) VALUES (27, '2023-03-03 05:50:58');
INSERT INTO session_table (user_id, connected_at) VALUES (59, '2023-03-25 10:04:24');
INSERT INTO session_table (user_id, connected_at) VALUES (41, '2023-02-23 05:03:07');
INSERT INTO session_table (user_id, connected_at) VALUES (58, '2023-01-21 23:32:48');
INSERT INTO session_table (user_id, connected_at) VALUES (78, '2023-01-20 12:16:01');
INSERT INTO session_table (user_id, connected_at) VALUES (3, '2023-01-30 01:23:42');
INSERT INTO session_table (user_id, connected_at) VALUES (97, '2023-04-14 19:12:24');
INSERT INTO session_table (user_id, connected_at) VALUES (66, '2023-06-16 15:17:57');
INSERT INTO session_table (user_id, connected_at) VALUES (41, '2023-06-07 07:39:55');
INSERT INTO session_table (user_id, connected_at) VALUES (85, '2023-01-01 02:59:02');
INSERT INTO session_table (user_id, connected_at) VALUES (10, '2023-04-06 17:56:27');
INSERT INTO session_table (user_id, connected_at) VALUES (92, '2023-02-18 02:19:25');
INSERT INTO session_table (user_id, connected_at) VALUES (33, '2023-02-09 13:53:57');
INSERT INTO session_table (user_id, connected_at) VALUES (79, '2023-03-07 07:42:33');
INSERT INTO session_table (user_id, connected_at) VALUES (3, '2023-03-06 09:52:33');
INSERT INTO session_table (user_id, connected_at) VALUES (9, '2023-05-30 08:58:18');
INSERT INTO session_table (user_id, connected_at) VALUES (42, '2023-01-17 14:30:08');
INSERT INTO session_table (user_id, connected_at) VALUES (22, '2023-02-15 12:36:00');
INSERT INTO session_table (user_id, connected_at) VALUES (14, '2023-01-20 17:43:47');
INSERT INTO session_table (user_id, connected_at) VALUES (64, '2023-02-17 22:25:28');
INSERT INTO session_table (user_id, connected_at) VALUES (7, '2023-04-16 19:51:21');
INSERT INTO session_table (user_id, connected_at) VALUES (63, '2023-06-22 05:04:39');
INSERT INTO session_table (user_id, connected_at) VALUES (55, '2023-02-26 14:40:55');
INSERT INTO session_table (user_id, connected_at) VALUES (35, '2023-01-20 22:00:35');
INSERT INTO session_table (user_id, connected_at) VALUES (14, '2023-04-07 21:19:34');
INSERT INTO session_table (user_id, connected_at) VALUES (63, '2023-06-26 14:45:03');
INSERT INTO session_table (user_id, connected_at) VALUES (91, '2023-04-07 18:09:04');
INSERT INTO session_table (user_id, connected_at) VALUES (87, '2023-01-16 20:44:06');
INSERT INTO session_table (user_id, connected_at) VALUES (39, '2023-04-26 20:47:13');
INSERT INTO session_table (user_id, connected_at) VALUES (20, '2023-06-19 10:06:52');
INSERT INTO session_table (user_id, connected_at) VALUES (88, '2023-06-10 19:18:36');
INSERT INTO session_table (user_id, connected_at) VALUES (32, '2023-03-26 09:11:23');
INSERT INTO session_table (user_id, connected_at) VALUES (91, '2023-02-24 04:56:29');
INSERT INTO session_table (user_id, connected_at) VALUES (84, '2023-03-07 21:19:04');
INSERT INTO session_table (user_id, connected_at) VALUES (26, '2023-03-27 00:32:04');
INSERT INTO session_table (user_id, connected_at) VALUES (66, '2023-02-01 19:56:41');
INSERT INTO session_table (user_id, connected_at) VALUES (41, '2023-04-22 00:30:07');
INSERT INTO session_table (user_id, connected_at) VALUES (52, '2023-01-07 22:39:38');
INSERT INTO session_table (user_id, connected_at) VALUES (4, '2023-03-02 21:55:21');
INSERT INTO session_table (user_id, connected_at) VALUES (30, '2023-04-13 22:15:15');
INSERT INTO session_table (user_id, connected_at) VALUES (33, '2023-01-06 11:28:45');
INSERT INTO session_table (user_id, connected_at) VALUES (33, '2023-04-06 19:28:21');
INSERT INTO session_table (user_id, connected_at) VALUES (72, '2023-03-02 13:15:03');
INSERT INTO session_table (user_id, connected_at) VALUES (30, '2023-04-12 04:35:36');
INSERT INTO session_table (user_id, connected_at) VALUES (83, '2023-05-05 16:44:10');
INSERT INTO session_table (user_id, connected_at) VALUES (3, '2023-02-24 15:46:52');
INSERT INTO session_table (user_id, connected_at) VALUES (1, '2023-04-25 17:09:29');
INSERT INTO session_table (user_id, connected_at) VALUES (58, '2023-01-13 19:22:40');
INSERT INTO session_table (user_id, connected_at) VALUES (94, '2023-01-12 02:39:01');
INSERT INTO session_table (user_id, connected_at) VALUES (27, '2023-03-03 02:28:42');
INSERT INTO session_table (user_id, connected_at) VALUES (49, '2023-04-23 11:26:15');
INSERT INTO session_table (user_id, connected_at) VALUES (36, '2023-04-26 03:03:35');
INSERT INTO session_table (user_id, connected_at) VALUES (37, '2023-03-23 14:46:40');
INSERT INTO session_table (user_id, connected_at) VALUES (17, '2023-01-10 21:05:10');
INSERT INTO session_table (user_id, connected_at) VALUES (59, '2023-04-24 02:20:00');
INSERT INTO session_table (user_id, connected_at) VALUES (26, '2023-06-03 07:01:17');
INSERT INTO session_table (user_id, connected_at) VALUES (69, '2023-01-21 17:23:17');
INSERT INTO session_table (user_id, connected_at) VALUES (94, '2023-03-14 08:16:43');
INSERT INTO session_table (user_id, connected_at) VALUES (9, '2023-03-25 16:39:51');
INSERT INTO session_table (user_id, connected_at) VALUES (38, '2023-06-07 13:57:35');
INSERT INTO session_table (user_id, connected_at) VALUES (12, '2023-05-31 13:08:44');
INSERT INTO session_table (user_id, connected_at) VALUES (8, '2023-05-13 11:23:11');
INSERT INTO session_table (user_id, connected_at) VALUES (8, '2023-06-21 02:18:08');
INSERT INTO session_table (user_id, connected_at) VALUES (9, '2023-01-06 15:58:37');
INSERT INTO session_table (user_id, connected_at) VALUES (21, '2023-04-04 18:30:29');
INSERT INTO session_table (user_id, connected_at) VALUES (57, '2023-05-16 13:08:22');
INSERT INTO session_table (user_id, connected_at) VALUES (15, '2023-05-16 00:00:22');
INSERT INTO session_table (user_id, connected_at) VALUES (56, '2023-03-21 18:55:27');
INSERT INTO session_table (user_id, connected_at) VALUES (48, '2023-06-23 12:07:24');
INSERT INTO session_table (user_id, connected_at) VALUES (18, '2023-03-23 01:19:32');
INSERT INTO session_table (user_id, connected_at) VALUES (38, '2023-02-07 02:10:36');
INSERT INTO session_table (user_id, connected_at) VALUES (4, '2023-06-08 22:16:32');
INSERT INTO session_table (user_id, connected_at) VALUES (5, '2023-06-10 01:09:13');
INSERT INTO session_table (user_id, connected_at) VALUES (38, '2023-03-01 09:08:32');
INSERT INTO session_table (user_id, connected_at) VALUES (37, '2023-04-20 19:07:17');
INSERT INTO session_table (user_id, connected_at) VALUES (46, '2023-05-18 00:48:50');
INSERT INTO session_table (user_id, connected_at) VALUES (38, '2023-01-27 12:16:01');
INSERT INTO session_table (user_id, connected_at) VALUES (21, '2023-02-02 05:26:00');
INSERT INTO session_table (user_id, connected_at) VALUES (11, '2023-06-21 13:23:54');
INSERT INTO session_table (user_id, connected_at) VALUES (96, '2023-02-12 18:40:12');
INSERT INTO session_table (user_id, connected_at) VALUES (4, '2023-01-06 20:06:17');
INSERT INTO session_table (user_id, connected_at) VALUES (91, '2023-04-24 14:08:20');
INSERT INTO session_table (user_id, connected_at) VALUES (53, '2023-02-24 06:09:20');
INSERT INTO session_table (user_id, connected_at) VALUES (58, '2023-03-10 18:33:55');
INSERT INTO session_table (user_id, connected_at) VALUES (61, '2023-02-28 14:07:10');
INSERT INTO session_table (user_id, connected_at) VALUES (17, '2023-01-18 09:36:12');
INSERT INTO session_table (user_id, connected_at) VALUES (50, '2023-01-10 01:16:09');
INSERT INTO session_table (user_id, connected_at) VALUES (25, '2023-02-14 08:39:18');
INSERT INTO session_table (user_id, connected_at) VALUES (88, '2023-02-27 06:42:06');
INSERT INTO session_table (user_id, connected_at) VALUES (99, '2023-04-05 02:24:57');
INSERT INTO session_table (user_id, connected_at) VALUES (73, '2023-06-03 07:37:58');
INSERT INTO session_table (user_id, connected_at) VALUES (74, '2023-02-09 05:59:33');
INSERT INTO session_table (user_id, connected_at) VALUES (65, '2023-05-08 00:45:57');
INSERT INTO session_table (user_id, connected_at) VALUES (77, '2023-01-15 18:55:54');
INSERT INTO session_table (user_id, connected_at) VALUES (31, '2023-05-31 03:53:20');
INSERT INTO session_table (user_id, connected_at) VALUES (70, '2023-06-08 22:51:45');
INSERT INTO session_table (user_id, connected_at) VALUES (6, '2023-02-16 22:39:05');
INSERT INTO session_table (user_id, connected_at) VALUES (49, '2023-04-23 15:46:00');
INSERT INTO session_table (user_id, connected_at) VALUES (94, '2023-05-07 21:21:47');
INSERT INTO session_table (user_id, connected_at) VALUES (77, '2023-01-11 22:17:41');
INSERT INTO session_table (user_id, connected_at) VALUES (41, '2023-02-14 09:57:02');
INSERT INTO session_table (user_id, connected_at) VALUES (78, '2023-03-13 03:10:31');
INSERT INTO session_table (user_id, connected_at) VALUES (44, '2023-05-29 22:52:00');
INSERT INTO session_table (user_id, connected_at) VALUES (90, '2023-04-26 13:07:08');
INSERT INTO session_table (user_id, connected_at) VALUES (80, '2023-04-14 06:41:33');
INSERT INTO session_table (user_id, connected_at) VALUES (77, '2023-01-31 18:45:58');
