INSERT INTO user_table (firstname, lastname, email, username, password, created_at) VALUES ('Eric', 'Carlson', 'vclark@example.org', 'cynthia50', 'Y_A7Vo6^Wm', '2023-04-03 15:45:42');
INSERT INTO user_table (firstname, lastname, email, username, password, created_at) VALUES ('Heather', 'Medina', 'hcooper@example.org', 'baldwinkaren', '*4T85blPl8', '2023-02-28 04:50:40');
INSERT INTO user_table (firstname, lastname, email, username, password, created_at) VALUES ('Leonard', 'Thomas', 'dcampbell@example.com', 'hmartinez', '4Z!VVAt4^7', '2023-04-29 11:51:51');
INSERT INTO user_table (firstname, lastname, email, username, password, created_at) VALUES ('Kimberly', 'Hernandez', 'jennifer11@example.net', 'jackrichards', 'XH4WSC%qC+', '2023-05-20 21:28:30');
INSERT INTO user_table (firstname, lastname, email, username, password, created_at) VALUES ('Samuel', 'Martin', 'carla72@example.org', 'nicholas74', '#rqikiZhX5', '2023-05-06 16:53:30');
INSERT INTO user_table (firstname, lastname, email, username, password, created_at) VALUES ('Samantha', 'Walters', 'samuelmiller@example.com', 'donnaconley', 'cmk8Frcav^', '2023-05-23 07:32:17');
INSERT INTO user_table (firstname, lastname, email, username, password, created_at) VALUES ('Amy', 'Robinson', 'mpotter@example.net', 'richard03', '2eCe9(It!@', '2023-05-01 23:21:57');
INSERT INTO user_table (firstname, lastname, email, username, password, created_at) VALUES ('Kimberly', 'Hayes', 'eguzman@example.net', 'karahayes', 'Ytq%9Iux2w', '2023-06-25 12:46:35');
INSERT INTO user_table (firstname, lastname, email, username, password, created_at) VALUES ('Julie', 'Lee', 'karachapman@example.com', 'tracydavis', '%eI8kEuLJK', '2023-02-23 20:01:50');
INSERT INTO user_table (firstname, lastname, email, username, password, created_at) VALUES ('Christine', 'Wallace', 'glennvaughn@example.net', 'smithdiana', '$p7tOFp3_X', '2023-03-05 13:35:29');
INSERT INTO user_table (firstname, lastname, email, username, password, created_at) VALUES ('Leslie', 'Wheeler', 'justin49@example.org', 'michellemullins', 'Sy^5Rjz2^x', '2023-04-11 09:46:32');
INSERT INTO user_table (firstname, lastname, email, username, password, created_at) VALUES ('Susan', 'Horton', 'lauren60@example.org', 'meganthornton', '1s(hTluj^6', '2023-04-19 15:22:57');
INSERT INTO user_table (firstname, lastname, email, username, password, created_at) VALUES ('Donna', 'Johnson', 'amylopez@example.com', 'moorecharles', 'pFpf93Ic)w', '2023-01-30 08:13:44');
INSERT INTO user_table (firstname, lastname, email, username, password, created_at) VALUES ('Barbara', 'Moore', 'gcruz@example.net', 'reeseemily', '(3ONFhjrc3', '2023-06-03 05:40:35');
INSERT INTO user_table (firstname, lastname, email, username, password, created_at) VALUES ('Joshua', 'Mclaughlin', 'phernandez@example.org', 'phillipjefferson', ')28p(DNmDN', '2023-03-27 00:42:19');
INSERT INTO user_table (firstname, lastname, email, username, password, created_at) VALUES ('Lindsey', 'West', 'teresaboone@example.org', 'wmaldonado', '%g3YSyEdb5', '2023-06-21 00:19:30');
INSERT INTO user_table (firstname, lastname, email, username, password, created_at) VALUES ('Kimberly', 'Shaw', 'cynthia68@example.net', 'christine35', 'SJ4F1OIr!^', '2023-02-27 23:21:02');
INSERT INTO user_table (firstname, lastname, email, username, password, created_at) VALUES ('Donna', 'Rivera', 'madeline76@example.com', 'danielsanchez', 'jbh*2E)o*!', '2023-03-11 10:33:46');
INSERT INTO user_table (firstname, lastname, email, username, password, created_at) VALUES ('Bryan', 'Moore', 'scottkenneth@example.com', 'wandastrickland', '^+M4QKPngr', '2023-06-11 21:21:02');
INSERT INTO user_table (firstname, lastname, email, username, password, created_at) VALUES ('Laurie', 'James', 'vpeterson@example.net', 'cmartinez', '#AZ(Yzd7Z8', '2023-06-07 15:19:25');
INSERT INTO user_table (firstname, lastname, email, username, password, created_at) VALUES ('Jennifer', 'Holland', 'bucklance@example.com', 'nthompson', '77y$O!fg^_', '2023-06-12 15:10:28');
INSERT INTO user_table (firstname, lastname, email, username, password, created_at) VALUES ('Tyler', 'Jones', 'hannahmills@example.net', 'anthonymorgan', '13_X#ad)^b', '2023-02-06 15:46:58');
INSERT INTO user_table (firstname, lastname, email, username, password, created_at) VALUES ('Susan', 'Pennington', 'woodalex@example.com', 'alexmassey', '!)TvK8AhZl', '2023-06-29 08:31:54');
INSERT INTO user_table (firstname, lastname, email, username, password, created_at) VALUES ('Susan', 'Scott', 'evalentine@example.com', 'brownjessica', '+o7Z9KcE@g', '2023-05-25 18:56:24');
INSERT INTO user_table (firstname, lastname, email, username, password, created_at) VALUES ('James', 'Smith', 'fbooker@example.com', 'johnmurray', '&fZ4WR0i_W', '2023-06-10 01:23:32');
INSERT INTO user_table (firstname, lastname, email, username, password, created_at) VALUES ('Joshua', 'Bell', 'bowersjustin@example.org', 'martinhenderson', '01M9M9t6&+', '2023-02-04 18:31:23');
INSERT INTO user_table (firstname, lastname, email, username, password, created_at) VALUES ('Laurie', 'Parker', 'charles96@example.net', 'carolynmathews', 'h^97kD^k8R', '2023-04-06 16:22:27');
INSERT INTO user_table (firstname, lastname, email, username, password, created_at) VALUES ('Douglas', 'Avila', 'ojones@example.org', 'cindywhite', 'y6WCTQTo_n', '2023-04-22 04:21:41');
INSERT INTO user_table (firstname, lastname, email, username, password, created_at) VALUES ('Kyle', 'Hill', 'amartinez@example.net', 'nathanielfischer', 'U)2XZ%*r$^', '2023-03-19 15:21:14');
INSERT INTO user_table (firstname, lastname, email, username, password, created_at) VALUES ('Dawn', 'Sweeney', 'ysalazar@example.com', 'gwilliams', '_&R@QwNb2A', '2023-03-22 09:54:59');
INSERT INTO user_table (firstname, lastname, email, username, password, created_at) VALUES ('Angela', 'Garcia', 'thomas37@example.com', 'courtneycastro', '$1QldtcdoG', '2023-06-12 04:59:45');
INSERT INTO user_table (firstname, lastname, email, username, password, created_at) VALUES ('Courtney', 'Boyd', 'tthomas@example.org', 'browncrystal', 'iN7D@^wr+c', '2023-05-12 11:10:38');
INSERT INTO user_table (firstname, lastname, email, username, password, created_at) VALUES ('Evan', 'Arnold', 'johnsonjennifer@example.net', 'potterstacy', '#5StzEs7dU', '2023-05-08 13:55:48');
INSERT INTO user_table (firstname, lastname, email, username, password, created_at) VALUES ('Gary', 'Joseph', 'tammy95@example.org', 'youngdesiree', ')$8+CZdsGz', '2023-03-27 02:12:11');
INSERT INTO user_table (firstname, lastname, email, username, password, created_at) VALUES ('Adam', 'Stein', 'jdiaz@example.net', 'jeffreywilliamson', 'RyW(+1HzUH', '2023-06-07 16:04:15');
INSERT INTO user_table (firstname, lastname, email, username, password, created_at) VALUES ('Kristy', 'Clay', 'chenderson@example.net', 'brownamanda', 'TA$&7Pg(j^', '2023-03-30 00:48:54');
INSERT INTO user_table (firstname, lastname, email, username, password, created_at) VALUES ('Timothy', 'Armstrong', 'scott41@example.net', 'martinezryan', '%A@RxlTgF5', '2023-05-16 21:19:15');
INSERT INTO user_table (firstname, lastname, email, username, password, created_at) VALUES ('Robert', 'Houston', 'lauren67@example.net', 'thompsonalicia', '%B8DOVggxc', '2023-04-04 15:37:39');
INSERT INTO user_table (firstname, lastname, email, username, password, created_at) VALUES ('Brian', 'Barry', 'omayer@example.org', 'danielbrown', '@eUIO3Ne1U', '2023-02-08 06:49:38');
INSERT INTO user_table (firstname, lastname, email, username, password, created_at) VALUES ('Brent', 'Arias', 'frederickmary@example.com', 'vargasjason', 'B8^S6n)M!w', '2023-03-20 03:16:43');
INSERT INTO user_table (firstname, lastname, email, username, password, created_at) VALUES ('Aaron', 'Whitehead', 'jeremy60@example.org', 'brownryan', 'X@!8EmxTSm', '2023-01-02 09:49:41');
INSERT INTO user_table (firstname, lastname, email, username, password, created_at) VALUES ('Shawn', 'Johnson', 'crystal03@example.net', 'richard94', 'V45MzuvR@$', '2023-05-04 04:36:54');
INSERT INTO user_table (firstname, lastname, email, username, password, created_at) VALUES ('Ashley', 'Rodriguez', 'richardmiranda@example.org', 'orichards', '^Kt22(SjKY', '2023-06-27 16:36:03');
INSERT INTO user_table (firstname, lastname, email, username, password, created_at) VALUES ('Lisa', 'Neal', 'kellyreynolds@example.org', 'castanedageoffrey', 'k(7JL%Riem', '2023-01-28 02:05:19');
INSERT INTO user_table (firstname, lastname, email, username, password, created_at) VALUES ('Charles', 'Burton', 'morganteresa@example.com', 'williamsrachel', ')9gSkXkcQw', '2023-03-06 16:40:25');
INSERT INTO user_table (firstname, lastname, email, username, password, created_at) VALUES ('Taylor', 'Hughes', 'davidmatthews@example.com', 'chavezroberto', 's+gBWzf6%4', '2023-06-15 09:10:38');
INSERT INTO user_table (firstname, lastname, email, username, password, created_at) VALUES ('Matthew', 'Porter', 'dlane@example.org', 'jennifer96', 'B9wjSNoC*3', '2023-02-25 03:05:32');
INSERT INTO user_table (firstname, lastname, email, username, password, created_at) VALUES ('Curtis', 'Wood', 'patricia43@example.org', 'michaelabryant', 'b!C1ZuYyd^', '2023-03-06 21:09:48');
INSERT INTO user_table (firstname, lastname, email, username, password, created_at) VALUES ('Shawn', 'Petty', 'melissa40@example.com', 'robertshelton', '!4cy_Gpxwk', '2023-01-15 17:30:48');
INSERT INTO user_table (firstname, lastname, email, username, password, created_at) VALUES ('Alice', 'Copeland', 'michael17@example.net', 'kennethblackwell', 'd&7hXEbpG3', '2023-01-20 10:43:22');
INSERT INTO user_table (firstname, lastname, email, username, password, created_at) VALUES ('Steven', 'Burke', 'jaclynward@example.org', 'jamesjacobs', 'S9WGZEDu*x', '2023-03-05 12:08:59');
INSERT INTO user_table (firstname, lastname, email, username, password, created_at) VALUES ('Laura', 'Thompson', 'christie37@example.com', 'brittney47', 'vXU&1TOrum', '2023-04-29 21:15:21');
INSERT INTO user_table (firstname, lastname, email, username, password, created_at) VALUES ('Jeremy', 'Moreno', 'josephhammond@example.org', 'michaelperez', 'QvGho_aA@4', '2023-02-21 15:46:07');
INSERT INTO user_table (firstname, lastname, email, username, password, created_at) VALUES ('Angela', 'Jackson', 'michael26@example.org', 'figueroajason', '%vKCxBwq77', '2023-01-06 22:59:46');
INSERT INTO user_table (firstname, lastname, email, username, password, created_at) VALUES ('Gary', 'Murphy', 'jeffreyedwards@example.com', 'katherineavery', '6sJ!J6sy*q', '2023-05-15 00:31:19');
INSERT INTO user_table (firstname, lastname, email, username, password, created_at) VALUES ('Kenneth', 'Myers', 'jillian73@example.com', 'dominguezjonathan', '!KTkuBbe9b', '2023-01-14 16:43:33');
INSERT INTO user_table (firstname, lastname, email, username, password, created_at) VALUES ('Thomas', 'Watts', 'tracy44@example.org', 'wendymarquez', '$23KU3oG8W', '2023-01-15 04:44:48');
INSERT INTO user_table (firstname, lastname, email, username, password, created_at) VALUES ('Vincent', 'Griffin', 'weeksjesse@example.org', 'lindseywhite', '+P3B3BzZYp', '2023-05-12 20:40:55');
INSERT INTO user_table (firstname, lastname, email, username, password, created_at) VALUES ('Charles', 'Russell', 'znelson@example.org', 'danielferguson', 'djy^1KuTS(', '2023-06-23 06:35:59');
INSERT INTO user_table (firstname, lastname, email, username, password, created_at) VALUES ('Lauren', 'Buckley', 'lross@example.org', 'websterchristine', '8&m6N^Vb0N', '2023-02-15 02:48:34');
INSERT INTO user_table (firstname, lastname, email, username, password, created_at) VALUES ('Christopher', 'Cochran', 'ballardmegan@example.com', 'donaldanderson', '*FITh!zei8', '2023-05-05 01:13:15');
INSERT INTO user_table (firstname, lastname, email, username, password, created_at) VALUES ('Jennifer', 'Parker', 'michael09@example.com', 'jessica12', 'AB)g0_Rg^+', '2023-05-17 12:36:19');
INSERT INTO user_table (firstname, lastname, email, username, password, created_at) VALUES ('Christopher', 'Noble', 'kingbrian@example.org', 'harperlisa', '&gG2L_#I!3', '2023-02-08 19:26:02');
INSERT INTO user_table (firstname, lastname, email, username, password, created_at) VALUES ('Stacey', 'Scott', 'kellyrivers@example.com', 'hernandezkenneth', '_v!g8SB_C+', '2023-06-15 19:05:57');
INSERT INTO user_table (firstname, lastname, email, username, password, created_at) VALUES ('James', 'Burke', 'anthonybenson@example.com', 'cochransusan', 'u8Bdt&9n+D', '2023-03-12 08:00:55');
INSERT INTO user_table (firstname, lastname, email, username, password, created_at) VALUES ('Michele', 'Salinas', 'brandolph@example.org', 'campostonya', 'U!e6diUt^A', '2023-03-28 20:17:06');
INSERT INTO user_table (firstname, lastname, email, username, password, created_at) VALUES ('Yolanda', 'Barnes', 'kylevaldez@example.net', 'marissa72', 'G4VQqgTK$I', '2023-01-04 00:38:49');
INSERT INTO user_table (firstname, lastname, email, username, password, created_at) VALUES ('Luke', 'Fox', 'samuel00@example.net', 'welchlogan', '_%4Dtyh3Uu', '2023-04-24 23:37:07');
INSERT INTO user_table (firstname, lastname, email, username, password, created_at) VALUES ('William', 'Casey', 'mgonzales@example.org', 'gabriela27', '^1YLzN6a@$', '2023-03-15 06:35:15');
INSERT INTO user_table (firstname, lastname, email, username, password, created_at) VALUES ('Jordan', 'Frazier', 'christopher19@example.net', 'natalie38', 'B&8Y0Cot6v', '2023-05-24 05:43:30');
INSERT INTO user_table (firstname, lastname, email, username, password, created_at) VALUES ('Joshua', 'Gonzales', 'tparrish@example.net', 'jacqueline06', '@O0BarbNA8', '2023-05-28 19:12:47');
INSERT INTO user_table (firstname, lastname, email, username, password, created_at) VALUES ('Rachel', 'Benson', 'dicksonpenny@example.org', 'jessica54', 'wFjQLen_^4', '2023-06-21 06:30:35');
INSERT INTO user_table (firstname, lastname, email, username, password, created_at) VALUES ('Christopher', 'Becker', 'charlenediaz@example.net', 'angelaanderson', 'jm_1BNkU5%', '2023-06-03 19:34:34');
INSERT INTO user_table (firstname, lastname, email, username, password, created_at) VALUES ('Gina', 'Smith', 'ernestbridges@example.org', 'pattersonyvonne', 'z)5NOptaNn', '2023-01-16 03:56:02');
INSERT INTO user_table (firstname, lastname, email, username, password, created_at) VALUES ('Suzanne', 'Estrada', 'rgeorge@example.org', 'gibsonkimberly', '#b3I2wYqnx', '2023-06-06 22:43:30');
INSERT INTO user_table (firstname, lastname, email, username, password, created_at) VALUES ('Emily', 'Martinez', 'jennifer92@example.org', 'qgallagher', '@LgHzPZk6o', '2023-06-25 13:20:53');
INSERT INTO user_table (firstname, lastname, email, username, password, created_at) VALUES ('Nancy', 'Baldwin', 'max40@example.net', 'mcdonaldhaley', '!E82WaNV5s', '2023-02-21 16:56:45');
INSERT INTO user_table (firstname, lastname, email, username, password, created_at) VALUES ('Paul', 'Conley', 'tara74@example.net', 'matthewsjustin', '_f8)RsMfNS', '2023-06-07 00:26:05');
INSERT INTO user_table (firstname, lastname, email, username, password, created_at) VALUES ('Joseph', 'Richardson', 'qfox@example.org', 'idelacruz', '$f8brZj1(8', '2023-05-24 10:34:37');
INSERT INTO user_table (firstname, lastname, email, username, password, created_at) VALUES ('Justin', 'Bolton', 'kyle45@example.com', 'thomaskyle', 'W#5mS9Osj%', '2023-05-12 09:37:42');
INSERT INTO user_table (firstname, lastname, email, username, password, created_at) VALUES ('Joshua', 'Beltran', 'andersonnathaniel@example.com', 'larsonjohn', '$bI3UuKdVH', '2023-01-18 15:12:23');
INSERT INTO user_table (firstname, lastname, email, username, password, created_at) VALUES ('Kelly', 'Saunders', 'floresmaria@example.org', 'brettfleming', 'og15j0Jl2&', '2023-04-28 10:34:56');
INSERT INTO user_table (firstname, lastname, email, username, password, created_at) VALUES ('Christina', 'Perry', 'sarahcastro@example.com', 'katherine62', '$t@0WX8jw0', '2023-01-24 23:59:26');
INSERT INTO user_table (firstname, lastname, email, username, password, created_at) VALUES ('Joshua', 'Ortiz', 'tylerdickerson@example.com', 'kellywilson', 'myz6fAiR@%', '2023-02-22 14:29:34');
INSERT INTO user_table (firstname, lastname, email, username, password, created_at) VALUES ('Joshua', 'Pugh', 'amymartinez@example.org', 'lancezhang', '%66Tje!9Yz', '2023-02-21 21:18:25');
INSERT INTO user_table (firstname, lastname, email, username, password, created_at) VALUES ('Connie', 'Allen', 'ubooth@example.net', 'michealkoch', '@cXiX9LuK0', '2023-05-01 05:49:47');
INSERT INTO user_table (firstname, lastname, email, username, password, created_at) VALUES ('Brenda', 'Rios', 'ehayes@example.com', 'danielwoodward', '@h9Fz@IQPA', '2023-03-02 12:35:41');
INSERT INTO user_table (firstname, lastname, email, username, password, created_at) VALUES ('Stanley', 'Gonzalez', 'timothystewart@example.com', 'daviscaroline', '36Q2&L%j!P', '2023-06-19 12:42:51');
INSERT INTO user_table (firstname, lastname, email, username, password, created_at) VALUES ('Holly', 'Scott', 'dylan95@example.net', 'anthony73', 'e_L9EXug#C', '2023-06-06 13:07:11');
INSERT INTO user_table (firstname, lastname, email, username, password, created_at) VALUES ('Cynthia', 'Brooks', 'oroberts@example.org', 'cynthia23', '#Ce0UaaS4V', '2023-04-18 18:11:34');
INSERT INTO user_table (firstname, lastname, email, username, password, created_at) VALUES ('Katie', 'Hudson', 'donnagarza@example.net', 'huntrichard', '%4EkopZxVg', '2023-04-12 16:10:03');
INSERT INTO user_table (firstname, lastname, email, username, password, created_at) VALUES ('Anne', 'Aguilar', 'james35@example.net', 'austinwalker', 'S5QdIrz%@k', '2023-04-05 10:18:38');
INSERT INTO user_table (firstname, lastname, email, username, password, created_at) VALUES ('Jacob', 'Hogan', 'udelacruz@example.net', 'zgonzalez', 'y3XRRt4Q(G', '2023-03-13 11:03:56');
INSERT INTO user_table (firstname, lastname, email, username, password, created_at) VALUES ('Terri', 'Peck', 'brandyjennings@example.com', 'foxmiguel', 'jT#F4MdYJ#', '2023-05-04 18:19:21');
INSERT INTO user_table (firstname, lastname, email, username, password, created_at) VALUES ('Courtney', 'Gonzalez', 'jonathancampbell@example.com', 'wilsonjorge', '$yRetH(4i3', '2023-01-29 03:53:41');
INSERT INTO user_table (firstname, lastname, email, username, password, created_at) VALUES ('Audrey', 'Morgan', 'theresajackson@example.com', 'robertsimon', '&7IxkeCiED', '2023-02-06 14:18:06');
INSERT INTO user_table (firstname, lastname, email, username, password, created_at) VALUES ('Christy', 'Williams', 'whitneyatkins@example.net', 'brownpamela', '^wq)_oNg18', '2023-03-08 07:50:58');
INSERT INTO user_table (firstname, lastname, email, username, password, created_at) VALUES ('Patricia', 'Hunt', 'oramirez@example.org', 'brittany72', '(6pmL8zpM7', '2023-02-11 17:55:03');
INSERT INTO user_table (firstname, lastname, email, username, password, created_at) VALUES ('Olivia', 'Jackson', 'flawson@example.org', 'dickersonkathleen', 'XwY1n*Dj1!', '2023-01-13 08:10:57');
INSERT INTO user_table (firstname, lastname, email, username, password, created_at) VALUES ('Joshua', 'Gonzalez', 'qwoods@example.com', 'hannahgarrett', 'Hu@1Oyqw6K', '2023-01-11 04:05:38');
INSERT INTO user_email_verification_table (user_id, verified_at) VALUES (1, '2023-05-14 21:24:27');
INSERT INTO user_email_verification_table (user_id, verified_at) VALUES (2, '2023-03-05 11:42:04');
INSERT INTO user_email_verification_table (user_id, verified_at) VALUES (3, '2023-05-19 01:26:54');
INSERT INTO user_email_verification_table (user_id, verified_at) VALUES (4, '2023-06-07 23:53:27');
INSERT INTO user_email_verification_table (user_id, verified_at) VALUES (5, '2023-06-12 21:37:51');
INSERT INTO user_email_verification_table (user_id, verified_at) VALUES (6, '2023-06-24 21:40:58');
INSERT INTO user_email_verification_table (user_id, verified_at) VALUES (7, '2023-05-04 14:40:48');
INSERT INTO user_email_verification_table (user_id, verified_at) VALUES (8, '2023-06-27 01:18:40');
INSERT INTO user_email_verification_table (user_id, verified_at) VALUES (9, '2023-05-03 21:56:17');
INSERT INTO user_email_verification_table (user_id, verified_at) VALUES (10, '2023-06-09 09:49:13');
INSERT INTO user_email_verification_table (user_id, verified_at) VALUES (11, '2023-05-29 00:23:35');
INSERT INTO user_email_verification_table (user_id, verified_at) VALUES (14, '2023-06-27 08:38:37');
INSERT INTO user_email_verification_table (user_id, verified_at) VALUES (16, '2023-06-27 10:01:50');
INSERT INTO user_email_verification_table (user_id, verified_at) VALUES (17, '2023-04-14 22:13:12');
INSERT INTO user_email_verification_table (user_id, verified_at) VALUES (18, '2023-04-19 00:11:27');
INSERT INTO user_email_verification_table (user_id, verified_at) VALUES (19, '2023-06-12 18:10:24');
INSERT INTO user_email_verification_table (user_id, verified_at) VALUES (20, '2023-06-22 04:28:34');
INSERT INTO user_email_verification_table (user_id, verified_at) VALUES (22, '2023-02-15 15:29:14');
INSERT INTO user_email_verification_table (user_id, verified_at) VALUES (24, '2023-06-26 13:57:02');
INSERT INTO user_email_verification_table (user_id, verified_at) VALUES (25, '2023-06-22 03:49:46');
INSERT INTO user_email_verification_table (user_id, verified_at) VALUES (26, '2023-03-24 09:50:07');
INSERT INTO user_email_verification_table (user_id, verified_at) VALUES (27, '2023-05-09 09:43:03');
INSERT INTO user_email_verification_table (user_id, verified_at) VALUES (29, '2023-03-24 07:30:46');
INSERT INTO user_email_verification_table (user_id, verified_at) VALUES (30, '2023-06-13 00:08:56');
INSERT INTO user_email_verification_table (user_id, verified_at) VALUES (31, '2023-06-25 16:00:19');
INSERT INTO user_email_verification_table (user_id, verified_at) VALUES (32, '2023-05-31 21:45:50');
INSERT INTO user_email_verification_table (user_id, verified_at) VALUES (33, '2023-06-25 23:00:58');
INSERT INTO user_email_verification_table (user_id, verified_at) VALUES (34, '2023-06-13 11:46:36');
INSERT INTO user_email_verification_table (user_id, verified_at) VALUES (35, '2023-06-12 23:03:02');
INSERT INTO user_email_verification_table (user_id, verified_at) VALUES (36, '2023-06-10 10:36:18');
INSERT INTO user_email_verification_table (user_id, verified_at) VALUES (37, '2023-06-14 03:37:18');
INSERT INTO user_email_verification_table (user_id, verified_at) VALUES (38, '2023-06-04 08:47:30');
INSERT INTO user_email_verification_table (user_id, verified_at) VALUES (39, '2023-03-02 07:46:48');
INSERT INTO user_email_verification_table (user_id, verified_at) VALUES (41, '2023-03-11 13:38:41');
INSERT INTO user_email_verification_table (user_id, verified_at) VALUES (42, '2023-06-15 13:22:12');
INSERT INTO user_email_verification_table (user_id, verified_at) VALUES (43, '2023-06-28 13:56:38');
INSERT INTO user_email_verification_table (user_id, verified_at) VALUES (44, '2023-04-05 15:14:58');
INSERT INTO user_email_verification_table (user_id, verified_at) VALUES (45, '2023-03-26 16:37:37');
INSERT INTO user_email_verification_table (user_id, verified_at) VALUES (46, '2023-06-17 21:05:24');
INSERT INTO user_email_verification_table (user_id, verified_at) VALUES (48, '2023-03-20 13:11:21');
INSERT INTO user_email_verification_table (user_id, verified_at) VALUES (50, '2023-06-11 12:51:13');
INSERT INTO user_email_verification_table (user_id, verified_at) VALUES (51, '2023-05-11 18:26:52');
INSERT INTO user_email_verification_table (user_id, verified_at) VALUES (52, '2023-05-10 10:50:02');
INSERT INTO user_email_verification_table (user_id, verified_at) VALUES (53, '2023-06-28 02:00:36');
INSERT INTO user_email_verification_table (user_id, verified_at) VALUES (54, '2023-05-06 01:26:05');
INSERT INTO user_email_verification_table (user_id, verified_at) VALUES (55, '2023-06-06 16:00:34');
INSERT INTO user_email_verification_table (user_id, verified_at) VALUES (56, '2023-03-17 01:16:01');
INSERT INTO user_email_verification_table (user_id, verified_at) VALUES (57, '2023-04-10 09:08:14');
INSERT INTO user_email_verification_table (user_id, verified_at) VALUES (59, '2023-06-24 07:24:19');
INSERT INTO user_email_verification_table (user_id, verified_at) VALUES (60, '2023-04-18 10:24:18');
INSERT INTO user_email_verification_table (user_id, verified_at) VALUES (61, '2023-06-28 14:19:13');
INSERT INTO user_email_verification_table (user_id, verified_at) VALUES (62, '2023-06-25 00:43:51');
INSERT INTO user_email_verification_table (user_id, verified_at) VALUES (63, '2023-02-14 09:14:23');
INSERT INTO user_email_verification_table (user_id, verified_at) VALUES (65, '2023-06-24 04:18:30');
INSERT INTO user_email_verification_table (user_id, verified_at) VALUES (66, '2023-05-25 08:57:30');
INSERT INTO user_email_verification_table (user_id, verified_at) VALUES (67, '2023-01-21 03:17:04');
INSERT INTO user_email_verification_table (user_id, verified_at) VALUES (68, '2023-06-22 14:09:27');
INSERT INTO user_email_verification_table (user_id, verified_at) VALUES (69, '2023-05-23 22:28:08');
INSERT INTO user_email_verification_table (user_id, verified_at) VALUES (71, '2023-06-08 01:00:29');
INSERT INTO user_email_verification_table (user_id, verified_at) VALUES (72, '2023-06-23 22:32:10');
INSERT INTO user_email_verification_table (user_id, verified_at) VALUES (73, '2023-06-18 20:15:32');
INSERT INTO user_email_verification_table (user_id, verified_at) VALUES (74, '2023-01-23 06:31:19');
INSERT INTO user_email_verification_table (user_id, verified_at) VALUES (75, '2023-06-11 14:59:39');
INSERT INTO user_email_verification_table (user_id, verified_at) VALUES (76, '2023-06-27 08:09:11');
INSERT INTO user_email_verification_table (user_id, verified_at) VALUES (78, '2023-06-29 02:12:44');
INSERT INTO user_email_verification_table (user_id, verified_at) VALUES (79, '2023-06-26 11:51:39');
INSERT INTO user_email_verification_table (user_id, verified_at) VALUES (80, '2023-06-23 22:24:08');
INSERT INTO user_email_verification_table (user_id, verified_at) VALUES (81, '2023-06-21 19:21:33');
INSERT INTO user_email_verification_table (user_id, verified_at) VALUES (82, '2023-05-25 07:09:52');
INSERT INTO user_email_verification_table (user_id, verified_at) VALUES (83, '2023-03-28 07:34:27');
INSERT INTO user_email_verification_table (user_id, verified_at) VALUES (84, '2023-06-01 06:24:40');
INSERT INTO user_email_verification_table (user_id, verified_at) VALUES (85, '2023-03-20 14:24:10');
INSERT INTO user_email_verification_table (user_id, verified_at) VALUES (86, '2023-05-20 01:52:57');
INSERT INTO user_email_verification_table (user_id, verified_at) VALUES (87, '2023-06-06 16:11:53');
INSERT INTO user_email_verification_table (user_id, verified_at) VALUES (88, '2023-06-23 05:37:24');
INSERT INTO user_email_verification_table (user_id, verified_at) VALUES (89, '2023-06-12 01:24:14');
INSERT INTO user_email_verification_table (user_id, verified_at) VALUES (90, '2023-06-26 15:14:11');
INSERT INTO user_email_verification_table (user_id, verified_at) VALUES (91, '2023-04-25 20:14:43');
INSERT INTO user_email_verification_table (user_id, verified_at) VALUES (92, '2023-05-03 13:03:14');
INSERT INTO user_email_verification_table (user_id, verified_at) VALUES (93, '2023-05-28 05:17:31');
INSERT INTO user_email_verification_table (user_id, verified_at) VALUES (94, '2023-05-07 16:15:33');
INSERT INTO user_email_verification_table (user_id, verified_at) VALUES (95, '2023-06-09 23:40:52');
INSERT INTO user_email_verification_table (user_id, verified_at) VALUES (97, '2023-03-17 21:42:37');
INSERT INTO user_email_verification_table (user_id, verified_at) VALUES (98, '2023-04-16 15:57:41');
INSERT INTO user_email_verification_table (user_id, verified_at) VALUES (100, '2023-04-28 23:44:59');INSERT INTO session_table (user_id, connected_at) VALUES (82, '2023-06-14 14:35:39');
INSERT INTO session_table (user_id, connected_at) VALUES (36, '2023-06-24 12:37:53');
INSERT INTO session_table (user_id, connected_at) VALUES (33, '2023-06-27 21:48:43');
INSERT INTO session_table (user_id, connected_at) VALUES (62, '2023-06-25 07:28:08');
INSERT INTO session_table (user_id, connected_at) VALUES (14, '2023-06-28 14:08:37');
INSERT INTO session_table (user_id, connected_at) VALUES (87, '2023-06-10 18:01:51');
INSERT INTO session_table (user_id, connected_at) VALUES (90, '2023-06-29 02:20:02');
INSERT INTO session_table (user_id, connected_at) VALUES (39, '2023-06-18 19:06:13');
INSERT INTO session_table (user_id, connected_at) VALUES (30, '2023-06-16 01:30:59');
INSERT INTO session_table (user_id, connected_at) VALUES (95, '2023-06-23 18:03:32');
INSERT INTO session_table (user_id, connected_at) VALUES (84, '2023-06-11 19:15:40');
INSERT INTO session_table (user_id, connected_at) VALUES (10, '2023-06-23 03:07:26');
INSERT INTO session_table (user_id, connected_at) VALUES (6, '2023-06-25 02:36:03');
INSERT INTO session_table (user_id, connected_at) VALUES (46, '2023-06-26 07:17:28');
INSERT INTO session_table (user_id, connected_at) VALUES (54, '2023-05-29 11:41:59');
INSERT INTO session_table (user_id, connected_at) VALUES (91, '2023-04-28 03:09:15');
INSERT INTO session_table (user_id, connected_at) VALUES (78, '2023-06-29 09:56:50');
INSERT INTO session_table (user_id, connected_at) VALUES (78, '2023-06-29 06:52:51');
INSERT INTO session_table (user_id, connected_at) VALUES (19, '2023-06-14 22:24:15');
INSERT INTO session_table (user_id, connected_at) VALUES (27, '2023-05-31 10:18:35');
INSERT INTO session_table (user_id, connected_at) VALUES (72, '2023-06-25 05:32:28');
INSERT INTO session_table (user_id, connected_at) VALUES (19, '2023-06-14 14:57:23');
INSERT INTO session_table (user_id, connected_at) VALUES (8, '2023-06-27 07:50:34');
INSERT INTO session_table (user_id, connected_at) VALUES (63, '2023-06-22 16:32:00');
INSERT INTO session_table (user_id, connected_at) VALUES (38, '2023-06-11 00:55:30');
INSERT INTO session_table (user_id, connected_at) VALUES (42, '2023-06-23 20:16:49');
INSERT INTO session_table (user_id, connected_at) VALUES (57, '2023-04-18 17:07:02');
INSERT INTO session_table (user_id, connected_at) VALUES (82, '2023-06-23 18:29:27');
INSERT INTO session_table (user_id, connected_at) VALUES (8, '2023-06-29 08:20:33');
INSERT INTO session_table (user_id, connected_at) VALUES (69, '2023-06-17 06:52:48');
INSERT INTO session_table (user_id, connected_at) VALUES (78, '2023-06-29 22:00:54');
INSERT INTO session_table (user_id, connected_at) VALUES (92, '2023-05-29 01:03:40');
INSERT INTO session_table (user_id, connected_at) VALUES (57, '2023-05-23 22:08:47');
INSERT INTO session_table (user_id, connected_at) VALUES (11, '2023-06-09 00:22:55');
INSERT INTO session_table (user_id, connected_at) VALUES (54, '2023-05-29 10:47:53');
INSERT INTO session_table (user_id, connected_at) VALUES (41, '2023-03-29 01:10:41');
INSERT INTO session_table (user_id, connected_at) VALUES (6, '2023-06-29 07:19:45');
INSERT INTO session_table (user_id, connected_at) VALUES (82, '2023-06-28 02:49:02');
INSERT INTO session_table (user_id, connected_at) VALUES (95, '2023-06-20 02:29:08');
INSERT INTO session_table (user_id, connected_at) VALUES (68, '2023-06-24 16:53:14');
INSERT INTO session_table (user_id, connected_at) VALUES (5, '2023-06-17 09:57:28');
INSERT INTO session_table (user_id, connected_at) VALUES (89, '2023-06-14 20:09:29');
INSERT INTO session_table (user_id, connected_at) VALUES (41, '2023-06-27 12:07:46');
INSERT INTO session_table (user_id, connected_at) VALUES (54, '2023-05-28 11:14:11');
INSERT INTO session_table (user_id, connected_at) VALUES (30, '2023-06-22 13:29:15');
INSERT INTO session_table (user_id, connected_at) VALUES (72, '2023-06-25 20:02:14');
INSERT INTO session_table (user_id, connected_at) VALUES (79, '2023-06-27 10:12:03');
INSERT INTO session_table (user_id, connected_at) VALUES (52, '2023-06-06 21:10:24');
INSERT INTO session_table (user_id, connected_at) VALUES (93, '2023-06-04 23:39:27');
INSERT INTO session_table (user_id, connected_at) VALUES (100, '2023-06-10 22:33:41');
INSERT INTO session_table (user_id, connected_at) VALUES (25, '2023-06-25 11:06:32');
INSERT INTO session_table (user_id, connected_at) VALUES (37, '2023-06-15 11:47:23');
INSERT INTO session_table (user_id, connected_at) VALUES (16, '2023-06-29 15:17:48');
INSERT INTO session_table (user_id, connected_at) VALUES (43, '2023-06-28 17:27:50');
INSERT INTO session_table (user_id, connected_at) VALUES (34, '2023-06-15 08:22:20');
INSERT INTO session_table (user_id, connected_at) VALUES (55, '2023-06-27 07:55:59');
INSERT INTO session_table (user_id, connected_at) VALUES (9, '2023-05-28 03:00:21');
INSERT INTO session_table (user_id, connected_at) VALUES (24, '2023-06-27 22:20:09');
INSERT INTO session_table (user_id, connected_at) VALUES (30, '2023-06-18 16:58:51');
INSERT INTO session_table (user_id, connected_at) VALUES (18, '2023-05-02 08:39:17');
INSERT INTO session_table (user_id, connected_at) VALUES (76, '2023-06-29 03:41:21');
INSERT INTO session_table (user_id, connected_at) VALUES (18, '2023-04-25 19:39:13');
INSERT INTO session_table (user_id, connected_at) VALUES (84, '2023-06-19 16:00:53');
INSERT INTO session_table (user_id, connected_at) VALUES (63, '2023-06-27 04:46:58');
INSERT INTO session_table (user_id, connected_at) VALUES (46, '2023-06-22 07:02:21');
INSERT INTO session_table (user_id, connected_at) VALUES (100, '2023-06-03 04:19:10');
INSERT INTO session_table (user_id, connected_at) VALUES (54, '2023-06-14 11:35:26');
INSERT INTO session_table (user_id, connected_at) VALUES (73, '2023-06-25 06:30:47');
INSERT INTO session_table (user_id, connected_at) VALUES (54, '2023-06-03 01:52:05');
INSERT INTO session_table (user_id, connected_at) VALUES (27, '2023-05-31 02:15:25');
INSERT INTO session_table (user_id, connected_at) VALUES (4, '2023-06-29 23:53:27');
INSERT INTO session_table (user_id, connected_at) VALUES (79, '2023-06-29 03:00:06');
INSERT INTO session_table (user_id, connected_at) VALUES (100, '2023-06-26 20:14:06');
INSERT INTO session_table (user_id, connected_at) VALUES (85, '2023-04-02 14:03:33');
INSERT INTO session_table (user_id, connected_at) VALUES (57, '2023-05-14 22:56:10');
INSERT INTO session_table (user_id, connected_at) VALUES (22, '2023-06-13 14:51:27');
INSERT INTO session_table (user_id, connected_at) VALUES (91, '2023-05-14 20:48:54');
INSERT INTO session_table (user_id, connected_at) VALUES (6, '2023-06-27 00:30:22');
INSERT INTO session_table (user_id, connected_at) VALUES (71, '2023-06-09 03:38:10');
INSERT INTO session_table (user_id, connected_at) VALUES (24, '2023-06-28 18:56:42');
INSERT INTO session_table (user_id, connected_at) VALUES (71, '2023-06-21 04:06:27');
INSERT INTO session_table (user_id, connected_at) VALUES (14, '2023-06-29 19:36:44');
INSERT INTO session_table (user_id, connected_at) VALUES (33, '2023-06-26 20:21:07');
INSERT INTO session_table (user_id, connected_at) VALUES (26, '2023-06-09 05:00:24');
INSERT INTO session_table (user_id, connected_at) VALUES (19, '2023-06-22 13:27:36');
INSERT INTO session_table (user_id, connected_at) VALUES (68, '2023-06-23 10:47:55');
INSERT INTO session_table (user_id, connected_at) VALUES (91, '2023-05-10 09:12:30');
INSERT INTO session_table (user_id, connected_at) VALUES (7, '2023-06-20 12:30:27');
INSERT INTO session_table (user_id, connected_at) VALUES (71, '2023-06-17 09:30:00');
INSERT INTO session_table (user_id, connected_at) VALUES (44, '2023-05-24 14:26:48');
INSERT INTO session_table (user_id, connected_at) VALUES (84, '2023-06-27 10:38:48');
INSERT INTO session_table (user_id, connected_at) VALUES (4, '2023-06-11 20:08:23');
INSERT INTO session_table (user_id, connected_at) VALUES (80, '2023-06-29 08:03:40');
INSERT INTO session_table (user_id, connected_at) VALUES (98, '2023-06-03 20:59:57');
INSERT INTO session_table (user_id, connected_at) VALUES (93, '2023-06-24 16:36:52');
INSERT INTO session_table (user_id, connected_at) VALUES (42, '2023-06-17 04:49:41');
INSERT INTO session_table (user_id, connected_at) VALUES (46, '2023-06-29 16:10:16');
INSERT INTO session_table (user_id, connected_at) VALUES (39, '2023-03-21 04:01:40');
INSERT INTO session_table (user_id, connected_at) VALUES (35, '2023-06-28 10:37:31');
INSERT INTO session_table (user_id, connected_at) VALUES (2, '2023-06-28 07:31:20');
INSERT INTO session_table (user_id, connected_at) VALUES (95, '2023-06-11 17:58:37');
INSERT INTO session_table (user_id, connected_at) VALUES (33, '2023-06-26 13:54:40');
INSERT INTO session_table (user_id, connected_at) VALUES (43, '2023-06-28 15:27:36');
INSERT INTO session_table (user_id, connected_at) VALUES (79, '2023-06-26 14:33:02');
INSERT INTO session_table (user_id, connected_at) VALUES (34, '2023-06-15 08:46:46');
INSERT INTO session_table (user_id, connected_at) VALUES (94, '2023-05-28 00:16:07');
INSERT INTO session_table (user_id, connected_at) VALUES (68, '2023-06-24 22:19:58');
INSERT INTO session_table (user_id, connected_at) VALUES (41, '2023-06-27 11:43:22');
INSERT INTO session_table (user_id, connected_at) VALUES (74, '2023-04-07 11:56:38');
INSERT INTO session_table (user_id, connected_at) VALUES (51, '2023-05-15 15:06:15');
INSERT INTO session_table (user_id, connected_at) VALUES (17, '2023-05-19 05:25:34');
INSERT INTO session_table (user_id, connected_at) VALUES (85, '2023-04-16 05:01:51');
INSERT INTO session_table (user_id, connected_at) VALUES (55, '2023-06-10 11:49:19');
INSERT INTO session_table (user_id, connected_at) VALUES (93, '2023-06-19 10:18:33');
INSERT INTO session_table (user_id, connected_at) VALUES (87, '2023-06-07 23:57:58');
INSERT INTO session_table (user_id, connected_at) VALUES (53, '2023-06-29 02:18:41');
INSERT INTO session_table (user_id, connected_at) VALUES (53, '2023-06-28 21:08:28');
INSERT INTO session_table (user_id, connected_at) VALUES (68, '2023-06-25 21:03:57');
INSERT INTO session_table (user_id, connected_at) VALUES (3, '2023-06-02 00:41:44');
INSERT INTO session_table (user_id, connected_at) VALUES (8, '2023-06-29 05:49:48');
INSERT INTO session_table (user_id, connected_at) VALUES (35, '2023-06-14 01:41:23');
INSERT INTO session_table (user_id, connected_at) VALUES (74, '2023-04-30 09:19:10');
INSERT INTO session_table (user_id, connected_at) VALUES (26, '2023-04-15 03:38:04');
INSERT INTO session_table (user_id, connected_at) VALUES (1, '2023-06-20 20:26:51');
INSERT INTO session_table (user_id, connected_at) VALUES (41, '2023-05-07 07:04:58');
INSERT INTO session_table (user_id, connected_at) VALUES (46, '2023-06-24 17:48:40');
INSERT INTO session_table (user_id, connected_at) VALUES (9, '2023-05-29 03:58:20');
INSERT INTO session_table (user_id, connected_at) VALUES (89, '2023-06-21 16:37:35');
INSERT INTO session_table (user_id, connected_at) VALUES (41, '2023-04-05 23:45:02');
INSERT INTO session_table (user_id, connected_at) VALUES (59, '2023-06-29 17:05:14');
INSERT INTO session_table (user_id, connected_at) VALUES (100, '2023-05-07 08:52:32');
INSERT INTO session_table (user_id, connected_at) VALUES (76, '2023-06-29 00:43:43');
INSERT INTO session_table (user_id, connected_at) VALUES (50, '2023-06-26 19:37:56');
INSERT INTO session_table (user_id, connected_at) VALUES (61, '2023-06-29 14:54:10');
INSERT INTO session_table (user_id, connected_at) VALUES (22, '2023-06-10 15:50:31');
INSERT INTO session_table (user_id, connected_at) VALUES (6, '2023-06-28 22:15:52');
INSERT INTO session_table (user_id, connected_at) VALUES (52, '2023-06-05 12:34:03');
INSERT INTO session_table (user_id, connected_at) VALUES (73, '2023-06-26 10:19:50');
INSERT INTO session_table (user_id, connected_at) VALUES (11, '2023-06-23 04:00:42');
INSERT INTO session_table (user_id, connected_at) VALUES (50, '2023-06-18 09:27:48');
INSERT INTO session_table (user_id, connected_at) VALUES (42, '2023-06-27 17:07:17');
INSERT INTO session_table (user_id, connected_at) VALUES (10, '2023-06-17 10:00:56');
INSERT INTO session_table (user_id, connected_at) VALUES (43, '2023-06-28 21:22:04');
INSERT INTO session_table (user_id, connected_at) VALUES (20, '2023-06-22 21:55:56');
INSERT INTO session_table (user_id, connected_at) VALUES (4, '2023-06-28 08:14:51');
INSERT INTO session_table (user_id, connected_at) VALUES (62, '2023-06-26 18:39:20');
INSERT INTO session_table (user_id, connected_at) VALUES (1, '2023-06-07 02:57:47');
INSERT INTO session_table (user_id, connected_at) VALUES (84, '2023-06-22 12:00:44');
INSERT INTO session_table (user_id, connected_at) VALUES (45, '2023-06-27 09:12:38');
INSERT INTO session_table (user_id, connected_at) VALUES (32, '2023-06-15 22:48:57');
INSERT INTO session_table (user_id, connected_at) VALUES (33, '2023-06-27 04:27:36');
INSERT INTO session_table (user_id, connected_at) VALUES (59, '2023-06-28 19:49:14');
INSERT INTO session_table (user_id, connected_at) VALUES (35, '2023-06-21 05:24:57');
INSERT INTO session_table (user_id, connected_at) VALUES (19, '2023-06-19 08:03:11');
INSERT INTO session_table (user_id, connected_at) VALUES (82, '2023-06-19 17:13:20');
INSERT INTO session_table (user_id, connected_at) VALUES (37, '2023-06-25 13:31:31');
INSERT INTO session_table (user_id, connected_at) VALUES (68, '2023-06-27 01:10:19');
INSERT INTO session_table (user_id, connected_at) VALUES (53, '2023-06-29 04:20:14');
INSERT INTO session_table (user_id, connected_at) VALUES (76, '2023-06-29 16:13:58');
INSERT INTO session_table (user_id, connected_at) VALUES (17, '2023-04-24 03:25:54');
INSERT INTO session_table (user_id, connected_at) VALUES (36, '2023-06-25 07:33:50');
INSERT INTO session_table (user_id, connected_at) VALUES (19, '2023-06-13 10:30:27');
INSERT INTO session_table (user_id, connected_at) VALUES (39, '2023-06-06 10:55:29');
INSERT INTO session_table (user_id, connected_at) VALUES (100, '2023-06-22 23:20:41');
INSERT INTO session_table (user_id, connected_at) VALUES (34, '2023-06-21 22:53:06');
INSERT INTO session_table (user_id, connected_at) VALUES (8, '2023-06-28 05:29:09');
INSERT INTO session_table (user_id, connected_at) VALUES (4, '2023-06-14 02:22:23');
INSERT INTO session_table (user_id, connected_at) VALUES (90, '2023-06-28 09:59:04');
INSERT INTO session_table (user_id, connected_at) VALUES (62, '2023-06-29 07:48:30');
INSERT INTO session_table (user_id, connected_at) VALUES (1, '2023-06-01 22:53:37');
INSERT INTO session_table (user_id, connected_at) VALUES (59, '2023-06-27 18:46:38');
INSERT INTO session_table (user_id, connected_at) VALUES (93, '2023-06-14 12:26:16');
INSERT INTO session_table (user_id, connected_at) VALUES (72, '2023-06-27 20:08:22');
INSERT INTO session_table (user_id, connected_at) VALUES (71, '2023-06-14 15:34:15');
INSERT INTO session_table (user_id, connected_at) VALUES (93, '2023-06-06 22:56:57');
INSERT INTO session_table (user_id, connected_at) VALUES (56, '2023-06-03 09:16:12');
INSERT INTO session_table (user_id, connected_at) VALUES (34, '2023-06-25 18:43:15');
INSERT INTO session_table (user_id, connected_at) VALUES (16, '2023-06-29 19:03:38');
INSERT INTO session_table (user_id, connected_at) VALUES (81, '2023-06-21 20:00:52');
INSERT INTO session_table (user_id, connected_at) VALUES (46, '2023-06-29 09:37:08');
INSERT INTO session_table (user_id, connected_at) VALUES (98, '2023-06-12 15:31:17');
INSERT INTO session_table (user_id, connected_at) VALUES (50, '2023-06-24 13:49:02');
INSERT INTO session_table (user_id, connected_at) VALUES (39, '2023-05-10 16:09:25');
INSERT INTO session_table (user_id, connected_at) VALUES (46, '2023-06-21 08:40:40');
INSERT INTO session_table (user_id, connected_at) VALUES (2, '2023-05-23 07:54:56');
INSERT INTO session_table (user_id, connected_at) VALUES (89, '2023-06-23 21:02:03');
INSERT INTO session_table (user_id, connected_at) VALUES (61, '2023-06-29 22:15:16');
INSERT INTO session_table (user_id, connected_at) VALUES (74, '2023-05-26 01:19:02');
INSERT INTO session_table (user_id, connected_at) VALUES (73, '2023-06-24 12:40:29');
INSERT INTO session_table (user_id, connected_at) VALUES (31, '2023-06-28 15:08:42');
INSERT INTO session_table (user_id, connected_at) VALUES (76, '2023-06-28 09:46:01');
INSERT INTO session_table (user_id, connected_at) VALUES (65, '2023-06-25 17:33:08');
INSERT INTO session_table (user_id, connected_at) VALUES (36, '2023-06-14 03:58:16');
INSERT INTO session_table (user_id, connected_at) VALUES (9, '2023-05-19 07:04:16');
INSERT INTO session_table (user_id, connected_at) VALUES (25, '2023-06-27 14:59:04');
INSERT INTO session_table (user_id, connected_at) VALUES (56, '2023-03-25 19:38:55');
INSERT INTO session_table (user_id, connected_at) VALUES (38, '2023-06-07 16:18:40');
INSERT INTO session_table (user_id, connected_at) VALUES (66, '2023-06-23 17:19:30');
INSERT INTO session_table (user_id, connected_at) VALUES (26, '2023-04-07 14:54:20');
INSERT INTO session_table (user_id, connected_at) VALUES (17, '2023-06-28 03:53:56');
INSERT INTO session_table (user_id, connected_at) VALUES (75, '2023-06-18 07:32:02');
INSERT INTO session_table (user_id, connected_at) VALUES (76, '2023-06-29 04:40:12');
INSERT INTO session_table (user_id, connected_at) VALUES (57, '2023-05-07 02:34:38');
INSERT INTO session_table (user_id, connected_at) VALUES (59, '2023-06-27 08:35:24');
INSERT INTO session_table (user_id, connected_at) VALUES (54, '2023-06-26 13:01:21');
INSERT INTO session_table (user_id, connected_at) VALUES (94, '2023-06-14 20:44:19');
INSERT INTO session_table (user_id, connected_at) VALUES (84, '2023-06-09 20:39:11');
INSERT INTO session_table (user_id, connected_at) VALUES (54, '2023-05-15 22:27:52');
INSERT INTO session_table (user_id, connected_at) VALUES (27, '2023-05-20 00:26:24');
INSERT INTO session_table (user_id, connected_at) VALUES (60, '2023-06-26 07:47:33');
INSERT INTO session_table (user_id, connected_at) VALUES (67, '2023-04-01 22:08:52');
INSERT INTO session_table (user_id, connected_at) VALUES (10, '2023-06-20 02:16:30');
INSERT INTO session_table (user_id, connected_at) VALUES (43, '2023-06-29 14:26:51');
INSERT INTO session_table (user_id, connected_at) VALUES (36, '2023-06-25 22:46:49');
INSERT INTO session_table (user_id, connected_at) VALUES (59, '2023-06-28 10:44:13');
INSERT INTO session_table (user_id, connected_at) VALUES (45, '2023-06-15 13:28:58');
INSERT INTO session_table (user_id, connected_at) VALUES (32, '2023-06-19 18:21:28');
INSERT INTO session_table (user_id, connected_at) VALUES (33, '2023-06-28 12:29:29');
INSERT INTO session_table (user_id, connected_at) VALUES (14, '2023-06-29 00:35:48');
INSERT INTO session_table (user_id, connected_at) VALUES (60, '2023-06-06 15:27:37');
INSERT INTO session_table (user_id, connected_at) VALUES (97, '2023-06-14 15:02:04');
INSERT INTO session_table (user_id, connected_at) VALUES (30, '2023-06-22 06:58:48');
INSERT INTO session_table (user_id, connected_at) VALUES (80, '2023-06-29 15:30:52');
INSERT INTO session_table (user_id, connected_at) VALUES (1, '2023-06-27 22:00:41');
INSERT INTO session_table (user_id, connected_at) VALUES (69, '2023-06-14 02:55:49');
INSERT INTO session_table (user_id, connected_at) VALUES (19, '2023-06-28 00:39:13');
INSERT INTO session_table (user_id, connected_at) VALUES (76, '2023-06-27 08:10:06');
INSERT INTO session_table (user_id, connected_at) VALUES (84, '2023-06-17 06:32:24');
INSERT INTO session_table (user_id, connected_at) VALUES (52, '2023-06-20 07:52:48');
INSERT INTO session_table (user_id, connected_at) VALUES (37, '2023-06-16 08:52:47');
INSERT INTO session_table (user_id, connected_at) VALUES (90, '2023-06-29 18:04:17');
INSERT INTO session_table (user_id, connected_at) VALUES (52, '2023-05-24 23:03:41');
INSERT INTO session_table (user_id, connected_at) VALUES (10, '2023-06-24 05:40:13');
INSERT INTO session_table (user_id, connected_at) VALUES (61, '2023-06-28 23:51:45');
INSERT INTO session_table (user_id, connected_at) VALUES (51, '2023-06-13 14:01:44');
INSERT INTO session_table (user_id, connected_at) VALUES (56, '2023-04-03 01:54:14');
INSERT INTO session_table (user_id, connected_at) VALUES (31, '2023-06-29 17:47:10');
INSERT INTO session_table (user_id, connected_at) VALUES (75, '2023-06-14 04:02:51');
INSERT INTO session_table (user_id, connected_at) VALUES (66, '2023-06-01 02:48:46');
INSERT INTO session_table (user_id, connected_at) VALUES (7, '2023-06-02 20:52:04');
INSERT INTO session_table (user_id, connected_at) VALUES (87, '2023-06-22 08:17:08');
INSERT INTO session_table (user_id, connected_at) VALUES (6, '2023-06-27 08:43:15');
INSERT INTO session_table (user_id, connected_at) VALUES (57, '2023-05-22 05:46:44');
INSERT INTO session_table (user_id, connected_at) VALUES (63, '2023-04-18 10:52:44');
INSERT INTO session_table (user_id, connected_at) VALUES (69, '2023-06-03 16:16:22');
INSERT INTO session_table (user_id, connected_at) VALUES (4, '2023-06-11 03:58:18');
INSERT INTO session_table (user_id, connected_at) VALUES (20, '2023-06-23 04:14:34');
INSERT INTO session_table (user_id, connected_at) VALUES (14, '2023-06-27 18:48:37');
INSERT INTO session_table (user_id, connected_at) VALUES (14, '2023-06-27 10:21:06');
INSERT INTO session_table (user_id, connected_at) VALUES (92, '2023-06-21 14:51:28');
INSERT INTO session_table (user_id, connected_at) VALUES (45, '2023-06-05 11:24:54');
INSERT INTO session_table (user_id, connected_at) VALUES (75, '2023-06-29 12:10:47');
INSERT INTO session_table (user_id, connected_at) VALUES (27, '2023-06-28 11:12:29');
INSERT INTO session_table (user_id, connected_at) VALUES (84, '2023-06-13 13:57:15');
INSERT INTO session_table (user_id, connected_at) VALUES (14, '2023-06-29 16:55:19');
INSERT INTO session_table (user_id, connected_at) VALUES (41, '2023-05-02 20:59:56');
INSERT INTO session_table (user_id, connected_at) VALUES (85, '2023-04-28 07:57:57');
INSERT INTO session_table (user_id, connected_at) VALUES (79, '2023-06-28 19:35:12');
INSERT INTO session_table (user_id, connected_at) VALUES (81, '2023-06-28 12:49:14');
INSERT INTO session_table (user_id, connected_at) VALUES (19, '2023-06-21 04:32:33');
INSERT INTO session_table (user_id, connected_at) VALUES (62, '2023-06-27 02:40:54');
INSERT INTO session_table (user_id, connected_at) VALUES (10, '2023-06-26 05:38:47');
INSERT INTO session_table (user_id, connected_at) VALUES (11, '2023-06-09 01:48:30');
INSERT INTO session_table (user_id, connected_at) VALUES (18, '2023-06-07 07:20:58');
INSERT INTO session_table (user_id, connected_at) VALUES (51, '2023-06-12 20:37:10');
INSERT INTO session_table (user_id, connected_at) VALUES (83, '2023-04-03 07:32:38');
INSERT INTO session_table (user_id, connected_at) VALUES (24, '2023-06-26 21:29:37');
INSERT INTO session_table (user_id, connected_at) VALUES (34, '2023-06-14 17:00:57');
INSERT INTO session_table (user_id, connected_at) VALUES (45, '2023-06-18 06:22:32');
INSERT INTO session_table (user_id, connected_at) VALUES (3, '2023-06-11 23:47:46');
INSERT INTO session_table (user_id, connected_at) VALUES (17, '2023-04-28 01:53:37');
INSERT INTO session_table (user_id, connected_at) VALUES (63, '2023-03-01 03:09:18');
INSERT INTO session_table (user_id, connected_at) VALUES (60, '2023-06-16 23:15:41');
INSERT INTO session_table (user_id, connected_at) VALUES (34, '2023-06-20 23:21:22');
INSERT INTO session_table (user_id, connected_at) VALUES (39, '2023-04-16 14:13:30');
INSERT INTO session_table (user_id, connected_at) VALUES (1, '2023-05-28 00:20:03');
INSERT INTO session_table (user_id, connected_at) VALUES (34, '2023-06-23 20:16:38');
INSERT INTO session_table (user_id, connected_at) VALUES (8, '2023-06-27 10:50:55');
INSERT INTO session_table (user_id, connected_at) VALUES (37, '2023-06-22 18:48:27');
INSERT INTO session_table (user_id, connected_at) VALUES (9, '2023-06-27 10:22:44');
INSERT INTO session_table (user_id, connected_at) VALUES (63, '2023-06-14 00:52:41');
INSERT INTO session_table (user_id, connected_at) VALUES (84, '2023-06-03 16:16:05');
INSERT INTO session_table (user_id, connected_at) VALUES (31, '2023-06-28 01:23:22');
INSERT INTO session_table (user_id, connected_at) VALUES (10, '2023-06-19 07:19:19');
INSERT INTO session_table (user_id, connected_at) VALUES (83, '2023-06-07 11:15:31');
INSERT INTO session_table (user_id, connected_at) VALUES (29, '2023-05-17 07:22:09');
INSERT INTO session_table (user_id, connected_at) VALUES (26, '2023-06-14 05:57:46');
INSERT INTO session_table (user_id, connected_at) VALUES (31, '2023-06-29 06:48:14');
INSERT INTO session_table (user_id, connected_at) VALUES (83, '2023-04-29 11:47:46');
INSERT INTO session_table (user_id, connected_at) VALUES (82, '2023-06-21 12:05:17');
INSERT INTO session_table (user_id, connected_at) VALUES (52, '2023-05-22 19:29:49');
INSERT INTO session_table (user_id, connected_at) VALUES (53, '2023-06-29 17:47:05');
INSERT INTO session_table (user_id, connected_at) VALUES (7, '2023-06-24 05:42:24');
INSERT INTO session_table (user_id, connected_at) VALUES (54, '2023-05-24 08:59:23');
INSERT INTO session_table (user_id, connected_at) VALUES (16, '2023-06-28 07:52:42');
INSERT INTO session_table (user_id, connected_at) VALUES (3, '2023-06-07 15:07:34');
INSERT INTO session_table (user_id, connected_at) VALUES (56, '2023-05-16 09:21:25');
INSERT INTO session_table (user_id, connected_at) VALUES (91, '2023-06-19 01:34:35');
INSERT INTO session_table (user_id, connected_at) VALUES (30, '2023-06-29 19:25:59');
INSERT INTO session_table (user_id, connected_at) VALUES (1, '2023-05-15 16:46:17');
INSERT INTO session_table (user_id, connected_at) VALUES (65, '2023-06-28 14:08:26');
INSERT INTO session_table (user_id, connected_at) VALUES (27, '2023-06-27 23:15:05');
INSERT INTO session_table (user_id, connected_at) VALUES (19, '2023-06-17 13:07:34');
INSERT INTO session_table (user_id, connected_at) VALUES (30, '2023-06-26 06:08:55');
INSERT INTO session_table (user_id, connected_at) VALUES (22, '2023-04-13 19:08:44');
INSERT INTO session_table (user_id, connected_at) VALUES (11, '2023-06-02 09:58:48');
INSERT INTO session_table (user_id, connected_at) VALUES (7, '2023-05-07 01:39:54');
INSERT INTO session_table (user_id, connected_at) VALUES (7, '2023-06-04 20:02:56');
INSERT INTO session_table (user_id, connected_at) VALUES (5, '2023-06-17 08:02:02');
INSERT INTO session_table (user_id, connected_at) VALUES (36, '2023-06-27 17:21:16');
INSERT INTO session_table (user_id, connected_at) VALUES (37, '2023-06-25 00:38:32');
INSERT INTO session_table (user_id, connected_at) VALUES (46, '2023-06-24 19:37:20');
INSERT INTO session_table (user_id, connected_at) VALUES (25, '2023-06-27 17:52:49');
INSERT INTO session_table (user_id, connected_at) VALUES (72, '2023-06-25 11:36:01');
INSERT INTO session_table (user_id, connected_at) VALUES (78, '2023-06-29 14:38:08');
INSERT INTO session_table (user_id, connected_at) VALUES (25, '2023-06-23 11:38:27');
INSERT INTO session_table (user_id, connected_at) VALUES (53, '2023-06-29 16:38:04');
INSERT INTO session_table (user_id, connected_at) VALUES (39, '2023-04-24 12:29:52');
INSERT INTO session_table (user_id, connected_at) VALUES (27, '2023-05-10 05:44:06');
INSERT INTO session_table (user_id, connected_at) VALUES (73, '2023-06-28 09:21:24');
INSERT INTO session_table (user_id, connected_at) VALUES (55, '2023-06-15 10:13:04');
INSERT INTO session_table (user_id, connected_at) VALUES (4, '2023-06-08 13:27:15');
INSERT INTO session_table (user_id, connected_at) VALUES (66, '2023-06-28 19:03:26');
INSERT INTO session_table (user_id, connected_at) VALUES (55, '2023-06-16 04:56:38');
INSERT INTO session_table (user_id, connected_at) VALUES (26, '2023-05-31 11:03:41');
INSERT INTO session_table (user_id, connected_at) VALUES (50, '2023-06-26 14:19:12');
INSERT INTO session_table (user_id, connected_at) VALUES (67, '2023-01-30 01:40:42');
INSERT INTO session_table (user_id, connected_at) VALUES (26, '2023-06-14 13:03:11');
INSERT INTO session_table (user_id, connected_at) VALUES (85, '2023-03-26 18:54:50');
INSERT INTO session_table (user_id, connected_at) VALUES (20, '2023-06-24 08:58:31');
INSERT INTO session_table (user_id, connected_at) VALUES (63, '2023-05-25 20:16:54');
INSERT INTO session_table (user_id, connected_at) VALUES (61, '2023-06-29 06:18:08');
INSERT INTO session_table (user_id, connected_at) VALUES (22, '2023-06-23 19:12:41');
INSERT INTO session_table (user_id, connected_at) VALUES (59, '2023-06-26 22:28:13');
INSERT INTO session_table (user_id, connected_at) VALUES (72, '2023-06-26 19:11:16');
INSERT INTO session_table (user_id, connected_at) VALUES (80, '2023-06-29 18:26:19');
INSERT INTO session_table (user_id, connected_at) VALUES (87, '2023-06-16 13:31:06');
INSERT INTO session_table (user_id, connected_at) VALUES (73, '2023-06-22 08:35:41');
INSERT INTO session_table (user_id, connected_at) VALUES (95, '2023-06-19 20:42:04');
INSERT INTO session_table (user_id, connected_at) VALUES (54, '2023-06-09 00:06:34');
INSERT INTO session_table (user_id, connected_at) VALUES (31, '2023-06-26 15:25:59');
INSERT INTO session_table (user_id, connected_at) VALUES (88, '2023-06-27 12:30:05');
INSERT INTO session_table (user_id, connected_at) VALUES (6, '2023-06-28 00:07:31');
INSERT INTO session_table (user_id, connected_at) VALUES (7, '2023-05-07 13:04:31');
INSERT INTO session_table (user_id, connected_at) VALUES (72, '2023-06-28 17:30:21');
INSERT INTO session_table (user_id, connected_at) VALUES (30, '2023-06-29 15:24:01');
INSERT INTO session_table (user_id, connected_at) VALUES (4, '2023-06-13 05:44:01');
INSERT INTO session_table (user_id, connected_at) VALUES (60, '2023-05-18 23:22:14');
INSERT INTO session_table (user_id, connected_at) VALUES (65, '2023-06-27 15:00:09');
INSERT INTO session_table (user_id, connected_at) VALUES (66, '2023-06-01 01:22:39');
INSERT INTO session_table (user_id, connected_at) VALUES (50, '2023-06-23 00:43:58');
INSERT INTO session_table (user_id, connected_at) VALUES (22, '2023-03-10 18:32:39');
INSERT INTO session_table (user_id, connected_at) VALUES (93, '2023-06-20 19:22:11');
INSERT INTO session_table (user_id, connected_at) VALUES (50, '2023-06-21 04:39:24');
INSERT INTO session_table (user_id, connected_at) VALUES (17, '2023-05-03 07:08:19');
INSERT INTO session_table (user_id, connected_at) VALUES (18, '2023-06-16 14:24:20');
INSERT INTO session_table (user_id, connected_at) VALUES (69, '2023-06-08 00:02:52');
INSERT INTO session_table (user_id, connected_at) VALUES (84, '2023-06-04 21:02:05');
INSERT INTO session_table (user_id, connected_at) VALUES (10, '2023-06-25 11:19:43');
INSERT INTO session_table (user_id, connected_at) VALUES (31, '2023-06-29 01:19:57');
INSERT INTO session_table (user_id, connected_at) VALUES (76, '2023-06-27 15:47:23');
INSERT INTO session_table (user_id, connected_at) VALUES (44, '2023-05-24 22:14:21');
INSERT INTO session_table (user_id, connected_at) VALUES (56, '2023-03-18 14:13:28');
INSERT INTO session_table (user_id, connected_at) VALUES (8, '2023-06-28 06:09:10');
INSERT INTO session_table (user_id, connected_at) VALUES (35, '2023-06-17 08:42:02');
INSERT INTO session_table (user_id, connected_at) VALUES (50, '2023-06-15 18:09:36');
INSERT INTO session_table (user_id, connected_at) VALUES (1, '2023-06-02 15:09:05');
INSERT INTO session_table (user_id, connected_at) VALUES (57, '2023-05-22 10:15:00');
INSERT INTO session_table (user_id, connected_at) VALUES (85, '2023-06-05 03:33:07');
INSERT INTO session_table (user_id, connected_at) VALUES (41, '2023-06-17 03:39:09');
INSERT INTO session_table (user_id, connected_at) VALUES (98, '2023-05-12 04:17:51');
INSERT INTO session_table (user_id, connected_at) VALUES (73, '2023-06-29 07:38:52');
INSERT INTO session_table (user_id, connected_at) VALUES (44, '2023-04-20 22:42:01');
INSERT INTO session_table (user_id, connected_at) VALUES (19, '2023-06-16 00:46:28');
INSERT INTO session_table (user_id, connected_at) VALUES (16, '2023-06-29 02:03:41');
INSERT INTO session_table (user_id, connected_at) VALUES (25, '2023-06-25 22:31:35');
INSERT INTO session_table (user_id, connected_at) VALUES (9, '2023-06-17 21:12:02');
INSERT INTO session_table (user_id, connected_at) VALUES (54, '2023-05-13 23:04:41');
INSERT INTO session_table (user_id, connected_at) VALUES (62, '2023-06-28 03:12:41');
INSERT INTO session_table (user_id, connected_at) VALUES (16, '2023-06-29 07:53:37');
INSERT INTO session_table (user_id, connected_at) VALUES (44, '2023-05-24 04:52:16');
INSERT INTO session_table (user_id, connected_at) VALUES (39, '2023-06-07 08:48:09');
INSERT INTO session_table (user_id, connected_at) VALUES (7, '2023-06-26 01:55:46');
INSERT INTO session_table (user_id, connected_at) VALUES (98, '2023-04-28 07:09:30');
INSERT INTO session_table (user_id, connected_at) VALUES (63, '2023-05-17 10:48:16');
INSERT INTO session_table (user_id, connected_at) VALUES (5, '2023-06-18 01:13:34');
INSERT INTO session_table (user_id, connected_at) VALUES (93, '2023-06-04 05:35:00');
INSERT INTO session_table (user_id, connected_at) VALUES (87, '2023-06-13 06:09:05');
INSERT INTO session_table (user_id, connected_at) VALUES (11, '2023-06-23 01:57:30');
INSERT INTO session_table (user_id, connected_at) VALUES (34, '2023-06-29 11:36:11');
INSERT INTO session_table (user_id, connected_at) VALUES (98, '2023-06-28 16:00:44');
INSERT INTO session_table (user_id, connected_at) VALUES (10, '2023-06-13 06:23:42');
INSERT INTO session_table (user_id, connected_at) VALUES (68, '2023-06-26 05:00:09');
INSERT INTO session_table (user_id, connected_at) VALUES (72, '2023-06-28 20:30:41');
INSERT INTO session_table (user_id, connected_at) VALUES (82, '2023-06-17 10:07:00');
INSERT INTO session_table (user_id, connected_at) VALUES (14, '2023-06-28 22:43:54');
INSERT INTO session_table (user_id, connected_at) VALUES (82, '2023-06-14 00:00:31');
INSERT INTO session_table (user_id, connected_at) VALUES (24, '2023-06-29 18:25:56');
INSERT INTO session_table (user_id, connected_at) VALUES (95, '2023-06-29 14:33:23');
INSERT INTO session_table (user_id, connected_at) VALUES (59, '2023-06-29 22:15:57');
INSERT INTO session_table (user_id, connected_at) VALUES (51, '2023-06-10 09:40:44');
INSERT INTO session_table (user_id, connected_at) VALUES (38, '2023-06-21 17:41:38');
INSERT INTO session_table (user_id, connected_at) VALUES (85, '2023-05-18 15:33:33');
INSERT INTO session_table (user_id, connected_at) VALUES (16, '2023-06-27 13:16:10');
INSERT INTO session_table (user_id, connected_at) VALUES (62, '2023-06-28 16:46:01');
INSERT INTO session_table (user_id, connected_at) VALUES (74, '2023-03-15 01:45:28');
INSERT INTO session_table (user_id, connected_at) VALUES (45, '2023-06-11 09:34:51');
INSERT INTO session_table (user_id, connected_at) VALUES (91, '2023-06-09 13:01:03');
INSERT INTO session_table (user_id, connected_at) VALUES (76, '2023-06-29 18:08:06');
INSERT INTO session_table (user_id, connected_at) VALUES (65, '2023-06-26 02:25:22');
INSERT INTO session_table (user_id, connected_at) VALUES (86, '2023-05-21 13:01:15');
INSERT INTO session_table (user_id, connected_at) VALUES (75, '2023-06-19 22:23:25');
INSERT INTO session_table (user_id, connected_at) VALUES (87, '2023-06-09 01:10:30');
INSERT INTO session_table (user_id, connected_at) VALUES (55, '2023-06-22 15:05:34');
INSERT INTO session_table (user_id, connected_at) VALUES (88, '2023-06-27 23:48:46');
INSERT INTO session_table (user_id, connected_at) VALUES (60, '2023-04-19 17:10:26');
INSERT INTO session_table (user_id, connected_at) VALUES (6, '2023-06-27 17:33:12');
INSERT INTO session_table (user_id, connected_at) VALUES (36, '2023-06-23 15:11:20');
INSERT INTO session_table (user_id, connected_at) VALUES (8, '2023-06-27 04:38:26');
INSERT INTO session_table (user_id, connected_at) VALUES (84, '2023-06-19 11:48:35');
INSERT INTO session_table (user_id, connected_at) VALUES (9, '2023-05-07 18:23:17');
INSERT INTO session_table (user_id, connected_at) VALUES (52, '2023-06-24 17:19:37');
INSERT INTO session_table (user_id, connected_at) VALUES (74, '2023-04-14 08:44:27');
INSERT INTO session_table (user_id, connected_at) VALUES (41, '2023-04-20 08:55:38');
INSERT INTO session_table (user_id, connected_at) VALUES (54, '2023-05-15 07:53:54');
INSERT INTO session_table (user_id, connected_at) VALUES (57, '2023-04-25 14:45:37');
INSERT INTO session_table (user_id, connected_at) VALUES (50, '2023-06-16 15:13:49');
INSERT INTO session_table (user_id, connected_at) VALUES (9, '2023-05-27 06:38:34');
INSERT INTO session_table (user_id, connected_at) VALUES (44, '2023-06-25 02:21:57');
INSERT INTO session_table (user_id, connected_at) VALUES (20, '2023-06-28 04:04:08');
INSERT INTO session_table (user_id, connected_at) VALUES (54, '2023-06-20 14:52:25');
INSERT INTO session_table (user_id, connected_at) VALUES (68, '2023-06-26 20:06:20');
INSERT INTO session_table (user_id, connected_at) VALUES (5, '2023-06-20 00:56:52');
INSERT INTO session_table (user_id, connected_at) VALUES (4, '2023-06-24 21:53:39');
INSERT INTO session_table (user_id, connected_at) VALUES (87, '2023-06-20 18:25:49');
INSERT INTO session_table (user_id, connected_at) VALUES (18, '2023-06-24 11:19:04');
INSERT INTO session_table (user_id, connected_at) VALUES (56, '2023-03-30 15:23:03');
INSERT INTO session_table (user_id, connected_at) VALUES (92, '2023-05-28 19:49:18');
INSERT INTO session_table (user_id, connected_at) VALUES (35, '2023-06-17 09:54:31');
INSERT INTO session_table (user_id, connected_at) VALUES (93, '2023-06-18 10:59:37');
INSERT INTO session_table (user_id, connected_at) VALUES (9, '2023-05-13 02:48:10');
INSERT INTO session_table (user_id, connected_at) VALUES (73, '2023-06-24 08:42:51');
INSERT INTO session_table (user_id, connected_at) VALUES (97, '2023-05-24 21:10:38');
INSERT INTO session_table (user_id, connected_at) VALUES (30, '2023-06-18 17:48:08');
INSERT INTO session_table (user_id, connected_at) VALUES (5, '2023-06-22 13:24:21');
INSERT INTO session_table (user_id, connected_at) VALUES (27, '2023-06-29 02:51:48');
INSERT INTO session_table (user_id, connected_at) VALUES (75, '2023-06-29 05:58:59');
INSERT INTO session_table (user_id, connected_at) VALUES (36, '2023-06-15 01:30:18');
INSERT INTO session_table (user_id, connected_at) VALUES (10, '2023-06-28 16:46:48');
INSERT INTO session_table (user_id, connected_at) VALUES (72, '2023-06-28 04:24:00');
INSERT INTO session_table (user_id, connected_at) VALUES (97, '2023-03-29 22:49:52');
INSERT INTO session_table (user_id, connected_at) VALUES (90, '2023-06-29 02:22:02');
INSERT INTO session_table (user_id, connected_at) VALUES (56, '2023-05-25 11:51:48');
INSERT INTO session_table (user_id, connected_at) VALUES (18, '2023-04-30 09:06:15');
INSERT INTO session_table (user_id, connected_at) VALUES (60, '2023-05-14 02:33:51');
INSERT INTO session_table (user_id, connected_at) VALUES (32, '2023-06-15 03:37:35');
INSERT INTO session_table (user_id, connected_at) VALUES (16, '2023-06-29 19:48:25');
INSERT INTO session_table (user_id, connected_at) VALUES (24, '2023-06-27 07:18:19');
INSERT INTO session_table (user_id, connected_at) VALUES (84, '2023-06-22 14:11:57');
INSERT INTO session_table (user_id, connected_at) VALUES (78, '2023-06-29 21:43:49');
INSERT INTO session_table (user_id, connected_at) VALUES (65, '2023-06-29 19:46:01');
INSERT INTO session_table (user_id, connected_at) VALUES (91, '2023-06-10 17:41:30');
INSERT INTO session_table (user_id, connected_at) VALUES (63, '2023-03-20 03:02:51');
INSERT INTO session_table (user_id, connected_at) VALUES (45, '2023-04-14 11:34:47');
INSERT INTO session_table (user_id, connected_at) VALUES (56, '2023-04-29 09:07:41');
INSERT INTO session_table (user_id, connected_at) VALUES (94, '2023-06-02 15:13:51');
INSERT INTO session_table (user_id, connected_at) VALUES (97, '2023-05-30 12:40:42');
INSERT INTO session_table (user_id, connected_at) VALUES (87, '2023-06-21 17:03:44');
INSERT INTO session_table (user_id, connected_at) VALUES (65, '2023-06-25 07:07:37');
INSERT INTO session_table (user_id, connected_at) VALUES (72, '2023-06-26 07:00:32');
INSERT INTO session_table (user_id, connected_at) VALUES (62, '2023-06-27 07:13:27');
INSERT INTO session_table (user_id, connected_at) VALUES (86, '2023-06-15 20:44:39');
INSERT INTO session_table (user_id, connected_at) VALUES (37, '2023-06-18 12:03:13');
INSERT INTO session_table (user_id, connected_at) VALUES (29, '2023-04-27 12:31:39');
INSERT INTO session_table (user_id, connected_at) VALUES (16, '2023-06-27 22:10:59');
INSERT INTO session_table (user_id, connected_at) VALUES (9, '2023-06-29 13:11:26');
INSERT INTO session_table (user_id, connected_at) VALUES (86, '2023-06-06 22:49:25');
INSERT INTO session_table (user_id, connected_at) VALUES (59, '2023-06-26 07:58:41');
INSERT INTO session_table (user_id, connected_at) VALUES (67, '2023-05-14 18:32:10');
INSERT INTO session_table (user_id, connected_at) VALUES (3, '2023-06-27 11:27:51');
INSERT INTO session_table (user_id, connected_at) VALUES (24, '2023-06-28 15:32:14');
INSERT INTO session_table (user_id, connected_at) VALUES (46, '2023-06-24 22:46:39');
INSERT INTO session_table (user_id, connected_at) VALUES (86, '2023-06-26 06:26:44');
INSERT INTO session_table (user_id, connected_at) VALUES (56, '2023-05-18 15:15:19');
INSERT INTO session_table (user_id, connected_at) VALUES (1, '2023-05-23 15:44:38');
INSERT INTO session_table (user_id, connected_at) VALUES (79, '2023-06-27 02:25:50');
INSERT INTO session_table (user_id, connected_at) VALUES (6, '2023-06-25 02:37:55');
INSERT INTO session_table (user_id, connected_at) VALUES (14, '2023-06-27 16:25:50');
INSERT INTO session_table (user_id, connected_at) VALUES (38, '2023-06-18 21:45:57');
INSERT INTO session_table (user_id, connected_at) VALUES (86, '2023-05-28 10:59:05');
INSERT INTO session_table (user_id, connected_at) VALUES (51, '2023-06-09 11:01:44');
INSERT INTO session_table (user_id, connected_at) VALUES (87, '2023-06-09 03:54:36');
INSERT INTO session_table (user_id, connected_at) VALUES (69, '2023-06-01 09:10:43');
INSERT INTO session_table (user_id, connected_at) VALUES (43, '2023-06-28 19:37:17');
INSERT INTO session_table (user_id, connected_at) VALUES (18, '2023-04-29 04:27:49');
INSERT INTO session_table (user_id, connected_at) VALUES (98, '2023-05-02 11:35:41');
INSERT INTO session_table (user_id, connected_at) VALUES (54, '2023-06-22 01:44:56');
INSERT INTO session_table (user_id, connected_at) VALUES (73, '2023-06-24 01:03:06');
INSERT INTO session_table (user_id, connected_at) VALUES (9, '2023-05-22 09:23:19');
INSERT INTO session_table (user_id, connected_at) VALUES (66, '2023-06-11 11:16:59');
INSERT INTO session_table (user_id, connected_at) VALUES (14, '2023-06-28 13:44:32');
INSERT INTO session_table (user_id, connected_at) VALUES (67, '2023-06-14 05:52:48');
INSERT INTO session_table (user_id, connected_at) VALUES (17, '2023-04-28 13:34:20');
INSERT INTO session_table (user_id, connected_at) VALUES (9, '2023-05-27 22:59:14');
INSERT INTO session_table (user_id, connected_at) VALUES (17, '2023-06-13 08:15:20');
INSERT INTO session_table (user_id, connected_at) VALUES (32, '2023-06-19 13:11:33');
INSERT INTO session_table (user_id, connected_at) VALUES (20, '2023-06-26 19:14:34');
INSERT INTO session_table (user_id, connected_at) VALUES (38, '2023-06-16 15:39:05');
INSERT INTO session_table (user_id, connected_at) VALUES (87, '2023-06-10 16:56:22');
INSERT INTO session_table (user_id, connected_at) VALUES (39, '2023-05-11 21:46:21');
INSERT INTO session_table (user_id, connected_at) VALUES (37, '2023-06-14 14:53:11');
INSERT INTO session_table (user_id, connected_at) VALUES (59, '2023-06-26 14:53:25');
INSERT INTO session_table (user_id, connected_at) VALUES (71, '2023-06-24 04:53:04');
INSERT INTO session_table (user_id, connected_at) VALUES (63, '2023-03-13 07:14:17');
INSERT INTO session_table (user_id, connected_at) VALUES (33, '2023-06-29 01:49:02');
INSERT INTO session_table (user_id, connected_at) VALUES (75, '2023-06-13 00:58:39');
INSERT INTO session_table (user_id, connected_at) VALUES (36, '2023-06-15 22:20:34');
INSERT INTO session_table (user_id, connected_at) VALUES (43, '2023-06-29 00:17:14');
INSERT INTO session_table (user_id, connected_at) VALUES (61, '2023-06-29 16:29:15');
INSERT INTO session_table (user_id, connected_at) VALUES (11, '2023-06-02 10:47:49');
INSERT INTO session_table (user_id, connected_at) VALUES (79, '2023-06-28 00:46:54');
INSERT INTO session_table (user_id, connected_at) VALUES (68, '2023-06-24 01:17:07');
INSERT INTO session_table (user_id, connected_at) VALUES (74, '2023-05-30 09:01:00');
INSERT INTO session_table (user_id, connected_at) VALUES (4, '2023-06-19 23:19:33');
INSERT INTO session_table (user_id, connected_at) VALUES (24, '2023-06-27 07:49:07');
INSERT INTO session_table (user_id, connected_at) VALUES (30, '2023-06-16 20:58:39');
INSERT INTO session_table (user_id, connected_at) VALUES (11, '2023-06-05 09:49:07');
INSERT INTO session_table (user_id, connected_at) VALUES (8, '2023-06-28 18:01:21');
INSERT INTO session_table (user_id, connected_at) VALUES (75, '2023-06-22 05:33:04');
INSERT INTO session_table (user_id, connected_at) VALUES (33, '2023-06-29 20:46:09');
INSERT INTO session_table (user_id, connected_at) VALUES (85, '2023-04-29 07:58:45');
INSERT INTO session_table (user_id, connected_at) VALUES (91, '2023-06-18 10:27:50');
INSERT INTO session_table (user_id, connected_at) VALUES (35, '2023-06-16 01:36:56');
INSERT INTO session_table (user_id, connected_at) VALUES (55, '2023-06-25 22:20:30');
INSERT INTO session_table (user_id, connected_at) VALUES (53, '2023-06-29 04:45:48');
INSERT INTO session_table (user_id, connected_at) VALUES (84, '2023-06-14 17:05:46');
INSERT INTO session_table (user_id, connected_at) VALUES (34, '2023-06-26 13:46:16');
INSERT INTO session_table (user_id, connected_at) VALUES (1, '2023-06-24 02:33:08');
INSERT INTO session_table (user_id, connected_at) VALUES (5, '2023-06-18 08:40:12');
INSERT INTO session_table (user_id, connected_at) VALUES (35, '2023-06-21 16:30:48');
INSERT INTO session_table (user_id, connected_at) VALUES (97, '2023-05-03 08:30:02');
INSERT INTO session_table (user_id, connected_at) VALUES (87, '2023-06-27 15:22:29');
INSERT INTO session_table (user_id, connected_at) VALUES (3, '2023-05-25 05:40:05');
INSERT INTO session_table (user_id, connected_at) VALUES (52, '2023-05-21 13:28:12');
INSERT INTO session_table (user_id, connected_at) VALUES (74, '2023-02-06 20:36:23');
INSERT INTO session_table (user_id, connected_at) VALUES (66, '2023-06-28 23:25:20');
INSERT INTO session_table (user_id, connected_at) VALUES (55, '2023-06-18 19:07:20');
INSERT INTO session_table (user_id, connected_at) VALUES (51, '2023-05-30 07:18:08');
INSERT INTO session_table (user_id, connected_at) VALUES (18, '2023-05-29 23:28:29');
INSERT INTO session_table (user_id, connected_at) VALUES (14, '2023-06-28 02:17:37');
INSERT INTO session_table (user_id, connected_at) VALUES (72, '2023-06-24 01:25:14');
INSERT INTO session_table (user_id, connected_at) VALUES (65, '2023-06-29 17:32:18');
INSERT INTO session_table (user_id, connected_at) VALUES (3, '2023-05-24 13:12:11');
INSERT INTO session_table (user_id, connected_at) VALUES (43, '2023-06-29 17:32:30');
INSERT INTO session_table (user_id, connected_at) VALUES (76, '2023-06-27 19:41:25');
INSERT INTO session_table (user_id, connected_at) VALUES (18, '2023-06-14 03:38:15');
INSERT INTO session_table (user_id, connected_at) VALUES (22, '2023-05-22 06:05:10');
INSERT INTO session_table (user_id, connected_at) VALUES (76, '2023-06-29 21:10:30');
INSERT INTO session_table (user_id, connected_at) VALUES (79, '2023-06-27 14:57:08');
INSERT INTO session_table (user_id, connected_at) VALUES (44, '2023-04-25 09:56:58');
INSERT INTO session_table (user_id, connected_at) VALUES (8, '2023-06-29 09:54:05');
INSERT INTO session_table (user_id, connected_at) VALUES (62, '2023-06-26 17:08:01');
INSERT INTO session_table (user_id, connected_at) VALUES (37, '2023-06-24 12:59:14');
INSERT INTO session_table (user_id, connected_at) VALUES (7, '2023-05-07 00:18:44');
INSERT INTO session_table (user_id, connected_at) VALUES (34, '2023-06-15 07:19:41');
INSERT INTO session_table (user_id, connected_at) VALUES (11, '2023-06-13 11:46:40');
INSERT INTO session_table (user_id, connected_at) VALUES (42, '2023-06-23 16:05:52');
INSERT INTO session_table (user_id, connected_at) VALUES (57, '2023-06-04 07:09:26');
INSERT INTO session_table (user_id, connected_at) VALUES (2, '2023-04-01 09:23:44');
INSERT INTO session_table (user_id, connected_at) VALUES (14, '2023-06-27 13:02:20');
INSERT INTO session_table (user_id, connected_at) VALUES (53, '2023-06-29 10:59:51');
INSERT INTO session_table (user_id, connected_at) VALUES (54, '2023-05-16 10:08:02');
INSERT INTO session_table (user_id, connected_at) VALUES (100, '2023-05-05 23:47:49');
INSERT INTO session_table (user_id, connected_at) VALUES (76, '2023-06-28 15:07:23');
INSERT INTO session_table (user_id, connected_at) VALUES (30, '2023-06-24 12:45:42');
INSERT INTO session_table (user_id, connected_at) VALUES (78, '2023-06-29 18:57:07');
INSERT INTO session_table (user_id, connected_at) VALUES (72, '2023-06-24 22:58:00');
INSERT INTO session_table (user_id, connected_at) VALUES (79, '2023-06-29 15:33:33');
INSERT INTO session_table (user_id, connected_at) VALUES (67, '2023-05-13 04:58:31');
INSERT INTO session_table (user_id, connected_at) VALUES (2, '2023-04-12 23:56:26');
INSERT INTO session_table (user_id, connected_at) VALUES (17, '2023-05-25 04:30:43');
INSERT INTO session_table (user_id, connected_at) VALUES (8, '2023-06-28 17:17:16');
INSERT INTO session_table (user_id, connected_at) VALUES (78, '2023-06-29 16:55:46');
INSERT INTO session_table (user_id, connected_at) VALUES (87, '2023-06-13 04:52:06');
INSERT INTO session_table (user_id, connected_at) VALUES (86, '2023-05-22 02:34:29');
INSERT INTO session_table (user_id, connected_at) VALUES (39, '2023-05-28 19:14:25');
INSERT INTO session_table (user_id, connected_at) VALUES (9, '2023-05-25 18:08:09');
INSERT INTO session_table (user_id, connected_at) VALUES (11, '2023-06-07 02:26:35');
INSERT INTO session_table (user_id, connected_at) VALUES (89, '2023-06-15 20:23:00');
INSERT INTO session_table (user_id, connected_at) VALUES (79, '2023-06-26 12:47:32');
INSERT INTO session_table (user_id, connected_at) VALUES (72, '2023-06-26 07:50:37');
INSERT INTO session_table (user_id, connected_at) VALUES (29, '2023-04-22 23:52:44');
INSERT INTO session_table (user_id, connected_at) VALUES (56, '2023-04-27 01:20:35');
INSERT INTO session_table (user_id, connected_at) VALUES (55, '2023-06-28 13:40:23');
INSERT INTO session_table (user_id, connected_at) VALUES (82, '2023-06-01 12:51:05');
INSERT INTO session_table (user_id, connected_at) VALUES (3, '2023-05-20 09:12:02');
INSERT INTO session_table (user_id, connected_at) VALUES (26, '2023-04-21 20:07:23');
INSERT INTO session_table (user_id, connected_at) VALUES (4, '2023-06-17 12:39:10');
INSERT INTO session_table (user_id, connected_at) VALUES (98, '2023-05-22 14:36:14');
INSERT INTO session_table (user_id, connected_at) VALUES (17, '2023-05-05 18:52:45');
INSERT INTO session_table (user_id, connected_at) VALUES (88, '2023-06-29 07:24:14');
INSERT INTO session_table (user_id, connected_at) VALUES (90, '2023-06-28 10:33:17');
INSERT INTO session_table (user_id, connected_at) VALUES (51, '2023-06-03 16:40:44');
INSERT INTO session_table (user_id, connected_at) VALUES (81, '2023-06-22 04:49:58');
INSERT INTO session_table (user_id, connected_at) VALUES (24, '2023-06-28 23:03:23');
INSERT INTO session_table (user_id, connected_at) VALUES (62, '2023-06-26 00:44:16');
INSERT INTO session_table (user_id, connected_at) VALUES (50, '2023-06-12 16:40:09');
INSERT INTO session_table (user_id, connected_at) VALUES (33, '2023-06-27 05:16:58');
INSERT INTO session_table (user_id, connected_at) VALUES (74, '2023-04-11 18:44:20');
INSERT INTO session_table (user_id, connected_at) VALUES (95, '2023-06-15 20:05:40');
INSERT INTO session_table (user_id, connected_at) VALUES (37, '2023-06-25 20:36:33');
INSERT INTO session_table (user_id, connected_at) VALUES (61, '2023-06-29 21:10:25');
INSERT INTO session_table (user_id, connected_at) VALUES (97, '2023-06-21 20:33:57');
INSERT INTO session_table (user_id, connected_at) VALUES (20, '2023-06-26 19:02:43');
INSERT INTO session_table (user_id, connected_at) VALUES (26, '2023-05-04 00:29:34');
INSERT INTO session_table (user_id, connected_at) VALUES (62, '2023-06-28 20:10:51');
INSERT INTO session_table (user_id, connected_at) VALUES (90, '2023-06-28 16:08:57');
INSERT INTO session_table (user_id, connected_at) VALUES (51, '2023-05-28 15:08:29');
INSERT INTO session_table (user_id, connected_at) VALUES (51, '2023-06-13 21:55:07');
INSERT INTO session_table (user_id, connected_at) VALUES (90, '2023-06-26 16:14:09');
INSERT INTO session_table (user_id, connected_at) VALUES (71, '2023-06-22 13:09:48');
INSERT INTO session_table (user_id, connected_at) VALUES (74, '2023-04-16 21:44:27');
INSERT INTO session_table (user_id, connected_at) VALUES (97, '2023-05-18 23:00:50');
INSERT INTO session_table (user_id, connected_at) VALUES (6, '2023-06-25 22:27:22');
INSERT INTO session_table (user_id, connected_at) VALUES (25, '2023-06-25 07:13:14');
INSERT INTO session_table (user_id, connected_at) VALUES (100, '2023-05-28 06:23:54');
INSERT INTO session_table (user_id, connected_at) VALUES (19, '2023-06-19 17:53:46');
INSERT INTO session_table (user_id, connected_at) VALUES (90, '2023-06-27 08:07:13');
INSERT INTO session_table (user_id, connected_at) VALUES (19, '2023-06-28 06:13:15');
INSERT INTO session_table (user_id, connected_at) VALUES (52, '2023-06-14 13:53:19');
INSERT INTO session_table (user_id, connected_at) VALUES (86, '2023-05-29 14:52:54');
INSERT INTO session_table (user_id, connected_at) VALUES (67, '2023-05-24 18:57:28');
INSERT INTO session_table (user_id, connected_at) VALUES (67, '2023-04-23 19:55:43');
INSERT INTO session_table (user_id, connected_at) VALUES (63, '2023-05-28 15:35:53');
INSERT INTO session_table (user_id, connected_at) VALUES (22, '2023-05-13 05:25:57');
INSERT INTO session_table (user_id, connected_at) VALUES (11, '2023-06-12 08:25:19');
INSERT INTO session_table (user_id, connected_at) VALUES (34, '2023-06-19 07:45:28');
INSERT INTO session_table (user_id, connected_at) VALUES (9, '2023-05-12 09:02:36');
INSERT INTO session_table (user_id, connected_at) VALUES (42, '2023-06-27 05:53:46');
INSERT INTO session_table (user_id, connected_at) VALUES (80, '2023-06-29 06:44:19');
INSERT INTO session_table (user_id, connected_at) VALUES (88, '2023-06-24 09:36:41');
INSERT INTO session_table (user_id, connected_at) VALUES (76, '2023-06-28 10:26:14');
INSERT INTO session_table (user_id, connected_at) VALUES (95, '2023-06-29 12:12:59');
INSERT INTO session_table (user_id, connected_at) VALUES (56, '2023-05-23 07:42:52');
INSERT INTO session_table (user_id, connected_at) VALUES (29, '2023-04-25 18:45:53');
INSERT INTO session_table (user_id, connected_at) VALUES (26, '2023-05-03 14:41:52');
INSERT INTO session_table (user_id, connected_at) VALUES (82, '2023-06-20 14:39:10');
INSERT INTO session_table (user_id, connected_at) VALUES (78, '2023-06-29 17:21:52');
INSERT INTO session_table (user_id, connected_at) VALUES (51, '2023-06-12 05:01:06');
INSERT INTO session_table (user_id, connected_at) VALUES (92, '2023-06-20 08:50:56');
INSERT INTO session_table (user_id, connected_at) VALUES (88, '2023-06-29 03:59:14');
INSERT INTO session_table (user_id, connected_at) VALUES (94, '2023-05-26 05:54:05');
INSERT INTO session_table (user_id, connected_at) VALUES (65, '2023-06-24 15:28:56');
INSERT INTO session_table (user_id, connected_at) VALUES (57, '2023-06-18 23:54:01');
INSERT INTO session_table (user_id, connected_at) VALUES (63, '2023-02-22 19:49:26');
INSERT INTO session_table (user_id, connected_at) VALUES (35, '2023-06-24 15:25:36');
INSERT INTO session_table (user_id, connected_at) VALUES (19, '2023-06-17 22:12:47');
INSERT INTO session_table (user_id, connected_at) VALUES (35, '2023-06-24 09:55:07');
INSERT INTO session_table (user_id, connected_at) VALUES (61, '2023-06-29 12:20:57');
INSERT INTO session_table (user_id, connected_at) VALUES (90, '2023-06-27 09:20:23');
INSERT INTO session_table (user_id, connected_at) VALUES (85, '2023-05-19 19:13:47');
INSERT INTO session_table (user_id, connected_at) VALUES (63, '2023-03-11 20:17:52');
INSERT INTO session_table (user_id, connected_at) VALUES (2, '2023-05-09 04:51:56');
INSERT INTO session_table (user_id, connected_at) VALUES (95, '2023-06-19 02:08:50');
INSERT INTO session_table (user_id, connected_at) VALUES (89, '2023-06-24 05:44:39');
INSERT INTO session_table (user_id, connected_at) VALUES (44, '2023-04-05 21:32:09');
INSERT INTO session_table (user_id, connected_at) VALUES (95, '2023-06-14 21:35:41');
INSERT INTO session_table (user_id, connected_at) VALUES (45, '2023-06-21 09:22:06');
INSERT INTO session_table (user_id, connected_at) VALUES (22, '2023-05-24 15:18:04');
INSERT INTO session_table (user_id, connected_at) VALUES (2, '2023-03-18 23:58:31');
INSERT INTO session_table (user_id, connected_at) VALUES (14, '2023-06-28 05:12:09');
INSERT INTO session_table (user_id, connected_at) VALUES (48, '2023-06-15 22:15:36');
INSERT INTO session_table (user_id, connected_at) VALUES (33, '2023-06-29 03:26:44');
INSERT INTO session_table (user_id, connected_at) VALUES (78, '2023-06-29 06:56:46');
INSERT INTO session_table (user_id, connected_at) VALUES (45, '2023-05-17 15:54:23');
INSERT INTO session_table (user_id, connected_at) VALUES (91, '2023-05-06 20:33:52');
INSERT INTO session_table (user_id, connected_at) VALUES (94, '2023-06-29 03:42:49');
INSERT INTO session_table (user_id, connected_at) VALUES (20, '2023-06-29 08:46:46');
INSERT INTO session_table (user_id, connected_at) VALUES (38, '2023-06-08 19:54:58');
INSERT INTO session_table (user_id, connected_at) VALUES (9, '2023-06-07 21:42:01');
INSERT INTO session_table (user_id, connected_at) VALUES (8, '2023-06-28 13:10:32');
INSERT INTO session_table (user_id, connected_at) VALUES (22, '2023-06-06 15:01:53');
INSERT INTO session_table (user_id, connected_at) VALUES (25, '2023-06-24 18:47:31');
INSERT INTO session_table (user_id, connected_at) VALUES (38, '2023-06-19 17:36:45');
INSERT INTO session_table (user_id, connected_at) VALUES (38, '2023-06-11 11:15:01');
INSERT INTO session_table (user_id, connected_at) VALUES (79, '2023-06-26 22:58:35');
INSERT INTO session_table (user_id, connected_at) VALUES (2, '2023-04-26 05:37:37');
INSERT INTO session_table (user_id, connected_at) VALUES (50, '2023-06-14 12:22:25');
INSERT INTO session_table (user_id, connected_at) VALUES (82, '2023-06-27 11:44:07');
INSERT INTO session_table (user_id, connected_at) VALUES (6, '2023-06-29 04:02:53');
INSERT INTO session_table (user_id, connected_at) VALUES (76, '2023-06-29 15:20:44');
INSERT INTO session_table (user_id, connected_at) VALUES (2, '2023-05-29 01:29:46');
INSERT INTO session_table (user_id, connected_at) VALUES (8, '2023-06-27 18:54:41');
INSERT INTO session_table (user_id, connected_at) VALUES (42, '2023-06-17 06:05:37');
INSERT INTO session_table (user_id, connected_at) VALUES (30, '2023-06-14 02:26:38');
INSERT INTO session_table (user_id, connected_at) VALUES (90, '2023-06-27 19:37:31');
INSERT INTO session_table (user_id, connected_at) VALUES (38, '2023-06-06 21:47:17');
INSERT INTO session_table (user_id, connected_at) VALUES (52, '2023-06-21 21:47:32');
INSERT INTO session_table (user_id, connected_at) VALUES (45, '2023-04-26 07:34:37');
INSERT INTO session_table (user_id, connected_at) VALUES (60, '2023-05-29 00:30:54');
INSERT INTO session_table (user_id, connected_at) VALUES (80, '2023-06-26 12:17:26');
INSERT INTO session_table (user_id, connected_at) VALUES (53, '2023-06-28 18:07:01');
INSERT INTO session_table (user_id, connected_at) VALUES (81, '2023-06-23 08:41:35');
INSERT INTO session_table (user_id, connected_at) VALUES (79, '2023-06-28 16:39:04');
INSERT INTO session_table (user_id, connected_at) VALUES (67, '2023-05-11 11:19:24');
INSERT INTO session_table (user_id, connected_at) VALUES (89, '2023-06-14 11:38:48');
INSERT INTO session_table (user_id, connected_at) VALUES (100, '2023-06-03 19:44:52');
INSERT INTO session_table (user_id, connected_at) VALUES (51, '2023-06-19 16:21:38');
INSERT INTO session_table (user_id, connected_at) VALUES (71, '2023-06-15 14:51:54');
INSERT INTO session_table (user_id, connected_at) VALUES (4, '2023-06-12 17:43:39');
INSERT INTO session_table (user_id, connected_at) VALUES (2, '2023-05-15 11:48:59');
INSERT INTO session_table (user_id, connected_at) VALUES (39, '2023-04-09 03:19:31');
INSERT INTO session_table (user_id, connected_at) VALUES (44, '2023-05-30 09:47:58');
INSERT INTO session_table (user_id, connected_at) VALUES (81, '2023-06-22 21:56:17');
INSERT INTO session_table (user_id, connected_at) VALUES (19, '2023-06-26 21:14:48');
INSERT INTO session_table (user_id, connected_at) VALUES (88, '2023-06-28 14:57:09');
INSERT INTO session_table (user_id, connected_at) VALUES (87, '2023-06-21 17:49:04');
INSERT INTO session_table (user_id, connected_at) VALUES (91, '2023-05-29 21:40:58');
INSERT INTO session_table (user_id, connected_at) VALUES (66, '2023-06-29 08:52:57');
INSERT INTO session_table (user_id, connected_at) VALUES (24, '2023-06-27 20:55:16');
INSERT INTO session_table (user_id, connected_at) VALUES (62, '2023-06-25 01:07:20');
INSERT INTO session_table (user_id, connected_at) VALUES (89, '2023-06-20 09:52:40');
INSERT INTO session_table (user_id, connected_at) VALUES (17, '2023-06-21 20:46:01');
INSERT INTO session_table (user_id, connected_at) VALUES (86, '2023-06-29 02:58:22');
INSERT INTO session_table (user_id, connected_at) VALUES (62, '2023-06-25 21:43:50');
INSERT INTO session_table (user_id, connected_at) VALUES (27, '2023-06-29 12:47:56');
INSERT INTO session_table (user_id, connected_at) VALUES (60, '2023-06-20 07:40:48');
INSERT INTO session_table (user_id, connected_at) VALUES (9, '2023-05-29 10:43:13');
INSERT INTO session_table (user_id, connected_at) VALUES (50, '2023-06-29 06:29:23');
INSERT INTO session_table (user_id, connected_at) VALUES (56, '2023-06-18 05:50:54');
INSERT INTO session_table (user_id, connected_at) VALUES (68, '2023-06-29 01:10:33');
INSERT INTO session_table (user_id, connected_at) VALUES (53, '2023-06-28 20:58:14');
INSERT INTO session_table (user_id, connected_at) VALUES (68, '2023-06-27 07:00:09');
INSERT INTO session_table (user_id, connected_at) VALUES (90, '2023-06-28 20:55:47');
INSERT INTO session_table (user_id, connected_at) VALUES (67, '2023-02-01 23:30:10');
INSERT INTO session_table (user_id, connected_at) VALUES (51, '2023-06-15 23:14:28');
INSERT INTO session_table (user_id, connected_at) VALUES (74, '2023-01-23 20:37:26');
INSERT INTO session_table (user_id, connected_at) VALUES (97, '2023-05-14 15:46:00');
INSERT INTO session_table (user_id, connected_at) VALUES (34, '2023-06-19 19:59:35');
INSERT INTO session_table (user_id, connected_at) VALUES (74, '2023-04-22 02:48:46');
INSERT INTO session_table (user_id, connected_at) VALUES (76, '2023-06-28 23:19:18');
INSERT INTO session_table (user_id, connected_at) VALUES (65, '2023-06-28 07:44:24');
INSERT INTO session_table (user_id, connected_at) VALUES (4, '2023-06-11 09:04:08');
INSERT INTO session_table (user_id, connected_at) VALUES (52, '2023-06-11 03:22:12');
INSERT INTO session_table (user_id, connected_at) VALUES (74, '2023-03-24 19:52:24');
INSERT INTO session_table (user_id, connected_at) VALUES (52, '2023-06-07 10:06:42');
INSERT INTO session_table (user_id, connected_at) VALUES (79, '2023-06-28 16:28:43');
INSERT INTO session_table (user_id, connected_at) VALUES (85, '2023-03-24 06:21:22');
INSERT INTO session_table (user_id, connected_at) VALUES (16, '2023-06-28 07:49:21');
INSERT INTO session_table (user_id, connected_at) VALUES (84, '2023-06-29 13:38:41');
INSERT INTO session_table (user_id, connected_at) VALUES (27, '2023-06-02 05:51:16');
INSERT INTO session_table (user_id, connected_at) VALUES (66, '2023-06-27 20:01:36');
INSERT INTO session_table (user_id, connected_at) VALUES (8, '2023-06-29 19:17:05');
INSERT INTO session_table (user_id, connected_at) VALUES (7, '2023-05-13 11:17:46');
INSERT INTO session_table (user_id, connected_at) VALUES (72, '2023-06-28 03:12:40');
INSERT INTO session_table (user_id, connected_at) VALUES (20, '2023-06-28 09:08:51');
INSERT INTO session_table (user_id, connected_at) VALUES (26, '2023-04-14 02:57:43');
INSERT INTO session_table (user_id, connected_at) VALUES (31, '2023-06-27 09:48:57');
INSERT INTO session_table (user_id, connected_at) VALUES (9, '2023-06-02 01:10:39');
INSERT INTO session_table (user_id, connected_at) VALUES (61, '2023-06-29 03:41:22');
INSERT INTO session_table (user_id, connected_at) VALUES (63, '2023-05-29 12:56:36');
INSERT INTO session_table (user_id, connected_at) VALUES (27, '2023-06-07 05:31:49');
INSERT INTO session_table (user_id, connected_at) VALUES (14, '2023-06-27 15:34:34');
INSERT INTO session_table (user_id, connected_at) VALUES (43, '2023-06-29 21:19:30');
INSERT INTO session_table (user_id, connected_at) VALUES (9, '2023-05-15 02:47:41');
INSERT INTO session_table (user_id, connected_at) VALUES (33, '2023-06-29 00:20:30');
INSERT INTO session_table (user_id, connected_at) VALUES (30, '2023-06-19 06:21:10');
INSERT INTO session_table (user_id, connected_at) VALUES (91, '2023-06-12 00:56:34');
INSERT INTO session_table (user_id, connected_at) VALUES (20, '2023-06-25 22:05:29');
INSERT INTO session_table (user_id, connected_at) VALUES (17, '2023-05-20 15:55:54');
INSERT INTO session_table (user_id, connected_at) VALUES (18, '2023-05-25 00:19:38');
INSERT INTO session_table (user_id, connected_at) VALUES (56, '2023-04-26 09:39:04');
INSERT INTO session_table (user_id, connected_at) VALUES (51, '2023-05-29 03:05:32');
INSERT INTO session_table (user_id, connected_at) VALUES (78, '2023-06-29 08:04:19');
INSERT INTO session_table (user_id, connected_at) VALUES (72, '2023-06-26 17:05:39');
INSERT INTO session_table (user_id, connected_at) VALUES (11, '2023-06-06 18:48:15');
INSERT INTO session_table (user_id, connected_at) VALUES (8, '2023-06-29 04:26:12');
INSERT INTO session_table (user_id, connected_at) VALUES (89, '2023-06-29 22:00:16');
INSERT INTO session_table (user_id, connected_at) VALUES (98, '2023-05-29 19:28:11');
INSERT INTO session_table (user_id, connected_at) VALUES (52, '2023-05-17 16:40:22');
INSERT INTO session_table (user_id, connected_at) VALUES (33, '2023-06-28 01:25:16');
INSERT INTO session_table (user_id, connected_at) VALUES (89, '2023-06-24 12:43:03');
INSERT INTO session_table (user_id, connected_at) VALUES (71, '2023-06-18 14:42:09');
INSERT INTO session_table (user_id, connected_at) VALUES (9, '2023-06-02 07:07:21');
INSERT INTO session_table (user_id, connected_at) VALUES (61, '2023-06-29 02:03:50');
INSERT INTO session_table (user_id, connected_at) VALUES (86, '2023-06-06 04:00:42');
INSERT INTO session_table (user_id, connected_at) VALUES (90, '2023-06-26 16:58:28');
INSERT INTO session_table (user_id, connected_at) VALUES (32, '2023-06-17 05:25:53');
INSERT INTO session_table (user_id, connected_at) VALUES (76, '2023-06-29 15:06:50');
INSERT INTO session_table (user_id, connected_at) VALUES (71, '2023-06-18 01:13:09');
INSERT INTO session_table (user_id, connected_at) VALUES (61, '2023-06-29 18:51:38');
INSERT INTO session_table (user_id, connected_at) VALUES (83, '2023-05-01 02:30:49');
INSERT INTO session_table (user_id, connected_at) VALUES (63, '2023-03-22 18:24:48');
INSERT INTO session_table (user_id, connected_at) VALUES (50, '2023-06-19 08:39:15');
INSERT INTO session_table (user_id, connected_at) VALUES (78, '2023-06-29 16:25:17');
INSERT INTO session_table (user_id, connected_at) VALUES (79, '2023-06-28 04:39:02');
INSERT INTO session_table (user_id, connected_at) VALUES (84, '2023-06-20 19:14:08');
INSERT INTO session_table (user_id, connected_at) VALUES (19, '2023-06-29 14:35:49');
INSERT INTO session_table (user_id, connected_at) VALUES (41, '2023-05-10 05:48:49');
INSERT INTO session_table (user_id, connected_at) VALUES (79, '2023-06-26 13:12:08');
INSERT INTO session_table (user_id, connected_at) VALUES (89, '2023-06-13 22:46:04');
INSERT INTO session_table (user_id, connected_at) VALUES (41, '2023-03-11 17:29:48');
INSERT INTO session_table (user_id, connected_at) VALUES (84, '2023-06-04 22:29:26');
INSERT INTO session_table (user_id, connected_at) VALUES (20, '2023-06-29 17:41:39');
INSERT INTO session_table (user_id, connected_at) VALUES (52, '2023-05-12 17:40:28');
INSERT INTO session_table (user_id, connected_at) VALUES (11, '2023-06-04 14:06:28');
INSERT INTO session_table (user_id, connected_at) VALUES (90, '2023-06-27 12:38:53');
INSERT INTO session_table (user_id, connected_at) VALUES (79, '2023-06-29 14:43:32');
INSERT INTO session_table (user_id, connected_at) VALUES (69, '2023-06-14 02:27:22');
INSERT INTO session_table (user_id, connected_at) VALUES (19, '2023-06-18 01:38:48');
INSERT INTO session_table (user_id, connected_at) VALUES (53, '2023-06-29 08:31:17');
INSERT INTO session_table (user_id, connected_at) VALUES (18, '2023-04-28 00:22:48');
INSERT INTO session_table (user_id, connected_at) VALUES (19, '2023-06-18 15:56:34');
INSERT INTO session_table (user_id, connected_at) VALUES (65, '2023-06-29 14:05:28');
INSERT INTO session_table (user_id, connected_at) VALUES (82, '2023-06-06 06:58:51');
INSERT INTO session_table (user_id, connected_at) VALUES (20, '2023-06-29 04:28:14');
INSERT INTO session_table (user_id, connected_at) VALUES (67, '2023-03-27 09:52:44');
INSERT INTO session_table (user_id, connected_at) VALUES (93, '2023-06-20 04:51:00');
INSERT INTO session_table (user_id, connected_at) VALUES (14, '2023-06-27 23:44:23');
INSERT INTO session_table (user_id, connected_at) VALUES (91, '2023-06-27 19:24:47');
INSERT INTO session_table (user_id, connected_at) VALUES (60, '2023-05-18 02:29:31');
INSERT INTO session_table (user_id, connected_at) VALUES (60, '2023-06-22 16:06:42');
INSERT INTO session_table (user_id, connected_at) VALUES (60, '2023-05-30 18:31:43');
INSERT INTO session_table (user_id, connected_at) VALUES (88, '2023-06-29 08:18:16');
INSERT INTO session_table (user_id, connected_at) VALUES (60, '2023-06-03 09:43:21');
INSERT INTO session_table (user_id, connected_at) VALUES (14, '2023-06-27 17:33:42');
INSERT INTO session_table (user_id, connected_at) VALUES (43, '2023-06-28 14:01:15');
INSERT INTO session_table (user_id, connected_at) VALUES (18, '2023-06-14 05:16:36');
INSERT INTO session_table (user_id, connected_at) VALUES (14, '2023-06-29 06:12:27');
INSERT INTO session_table (user_id, connected_at) VALUES (61, '2023-06-29 23:21:36');
INSERT INTO session_table (user_id, connected_at) VALUES (94, '2023-06-13 04:40:23');
INSERT INTO session_table (user_id, connected_at) VALUES (89, '2023-06-25 18:55:25');
INSERT INTO session_table (user_id, connected_at) VALUES (95, '2023-06-14 10:51:32');
INSERT INTO session_table (user_id, connected_at) VALUES (44, '2023-04-20 00:34:55');
INSERT INTO session_table (user_id, connected_at) VALUES (19, '2023-06-20 07:41:50');
INSERT INTO session_table (user_id, connected_at) VALUES (65, '2023-06-29 23:36:12');
INSERT INTO session_table (user_id, connected_at) VALUES (72, '2023-06-26 13:51:18');
INSERT INTO session_table (user_id, connected_at) VALUES (2, '2023-05-28 03:52:24');
INSERT INTO session_table (user_id, connected_at) VALUES (87, '2023-06-25 17:22:38');
INSERT INTO session_table (user_id, connected_at) VALUES (45, '2023-05-24 14:25:15');
INSERT INTO session_table (user_id, connected_at) VALUES (5, '2023-06-21 12:22:08');
INSERT INTO session_table (user_id, connected_at) VALUES (25, '2023-06-25 21:56:11');
INSERT INTO session_table (user_id, connected_at) VALUES (93, '2023-06-07 16:36:04');
INSERT INTO session_table (user_id, connected_at) VALUES (97, '2023-05-07 16:36:05');
INSERT INTO session_table (user_id, connected_at) VALUES (56, '2023-05-14 16:44:29');
INSERT INTO session_table (user_id, connected_at) VALUES (41, '2023-05-18 16:42:55');
INSERT INTO session_table (user_id, connected_at) VALUES (37, '2023-06-18 04:14:57');
INSERT INTO session_table (user_id, connected_at) VALUES (68, '2023-06-24 18:47:45');
INSERT INTO session_table (user_id, connected_at) VALUES (53, '2023-06-28 20:55:45');
INSERT INTO session_table (user_id, connected_at) VALUES (27, '2023-05-30 07:36:24');
INSERT INTO session_table (user_id, connected_at) VALUES (30, '2023-06-26 07:33:20');
INSERT INTO session_table (user_id, connected_at) VALUES (100, '2023-04-29 14:35:54');
INSERT INTO session_table (user_id, connected_at) VALUES (79, '2023-06-28 14:40:54');
INSERT INTO session_table (user_id, connected_at) VALUES (39, '2023-06-12 19:49:07');
INSERT INTO session_table (user_id, connected_at) VALUES (8, '2023-06-29 11:11:18');
INSERT INTO session_table (user_id, connected_at) VALUES (98, '2023-05-26 09:19:23');
INSERT INTO session_table (user_id, connected_at) VALUES (37, '2023-06-23 13:11:50');
INSERT INTO session_table (user_id, connected_at) VALUES (92, '2023-06-13 06:29:37');
INSERT INTO session_table (user_id, connected_at) VALUES (44, '2023-05-31 18:58:18');
INSERT INTO session_table (user_id, connected_at) VALUES (22, '2023-05-20 15:26:59');
INSERT INTO session_table (user_id, connected_at) VALUES (56, '2023-04-07 08:49:02');
INSERT INTO session_table (user_id, connected_at) VALUES (59, '2023-06-27 07:37:58');
INSERT INTO session_table (user_id, connected_at) VALUES (41, '2023-04-06 23:21:56');
INSERT INTO session_table (user_id, connected_at) VALUES (51, '2023-05-25 01:09:37');
INSERT INTO session_table (user_id, connected_at) VALUES (81, '2023-06-23 11:19:20');
INSERT INTO session_table (user_id, connected_at) VALUES (9, '2023-05-18 01:32:34');
INSERT INTO session_table (user_id, connected_at) VALUES (55, '2023-06-24 21:45:55');
INSERT INTO session_table (user_id, connected_at) VALUES (83, '2023-06-17 23:42:49');
INSERT INTO session_table (user_id, connected_at) VALUES (72, '2023-06-26 05:18:35');
INSERT INTO session_table (user_id, connected_at) VALUES (7, '2023-06-29 23:16:01');
INSERT INTO session_table (user_id, connected_at) VALUES (72, '2023-06-29 19:40:49');
INSERT INTO session_table (user_id, connected_at) VALUES (37, '2023-06-28 03:49:01');
INSERT INTO session_table (user_id, connected_at) VALUES (63, '2023-06-01 10:01:24');
INSERT INTO session_table (user_id, connected_at) VALUES (2, '2023-05-11 10:18:17');
INSERT INTO session_table (user_id, connected_at) VALUES (72, '2023-06-27 00:09:36');
INSERT INTO session_table (user_id, connected_at) VALUES (50, '2023-06-26 01:08:06');
INSERT INTO session_table (user_id, connected_at) VALUES (32, '2023-06-23 16:54:19');
INSERT INTO session_table (user_id, connected_at) VALUES (14, '2023-06-28 09:06:01');
INSERT INTO session_table (user_id, connected_at) VALUES (69, '2023-06-05 15:09:24');
INSERT INTO session_table (user_id, connected_at) VALUES (8, '2023-06-27 17:23:19');
INSERT INTO session_table (user_id, connected_at) VALUES (45, '2023-05-25 13:00:07');
INSERT INTO session_table (user_id, connected_at) VALUES (98, '2023-05-27 08:42:57');
INSERT INTO session_table (user_id, connected_at) VALUES (57, '2023-06-05 18:01:56');
INSERT INTO session_table (user_id, connected_at) VALUES (22, '2023-02-16 15:39:30');
INSERT INTO session_table (user_id, connected_at) VALUES (87, '2023-06-21 13:34:46');
INSERT INTO session_table (user_id, connected_at) VALUES (32, '2023-06-21 00:17:06');
INSERT INTO session_table (user_id, connected_at) VALUES (19, '2023-06-14 12:09:12');
INSERT INTO session_table (user_id, connected_at) VALUES (24, '2023-06-28 03:36:25');
INSERT INTO session_table (user_id, connected_at) VALUES (32, '2023-06-08 06:50:57');
INSERT INTO session_table (user_id, connected_at) VALUES (67, '2023-05-20 07:41:07');
INSERT INTO session_table (user_id, connected_at) VALUES (83, '2023-05-29 11:23:51');
INSERT INTO session_table (user_id, connected_at) VALUES (31, '2023-06-25 20:18:27');
INSERT INTO session_table (user_id, connected_at) VALUES (79, '2023-06-27 23:19:12');
INSERT INTO session_table (user_id, connected_at) VALUES (34, '2023-06-21 02:25:31');
INSERT INTO session_table (user_id, connected_at) VALUES (9, '2023-06-16 21:46:58');
INSERT INTO session_table (user_id, connected_at) VALUES (31, '2023-06-28 21:48:11');
INSERT INTO session_table (user_id, connected_at) VALUES (90, '2023-06-28 07:51:59');
INSERT INTO session_table (user_id, connected_at) VALUES (54, '2023-06-19 04:36:44');
INSERT INTO session_table (user_id, connected_at) VALUES (79, '2023-06-28 00:47:34');
INSERT INTO session_table (user_id, connected_at) VALUES (90, '2023-06-26 16:18:09');
INSERT INTO session_table (user_id, connected_at) VALUES (1, '2023-06-20 20:49:52');
INSERT INTO session_table (user_id, connected_at) VALUES (71, '2023-06-10 17:33:28');
INSERT INTO session_table (user_id, connected_at) VALUES (83, '2023-06-13 11:19:59');
INSERT INTO session_table (user_id, connected_at) VALUES (78, '2023-06-29 10:29:29');
INSERT INTO session_table (user_id, connected_at) VALUES (6, '2023-06-27 02:44:23');
INSERT INTO session_table (user_id, connected_at) VALUES (75, '2023-06-27 02:50:44');
INSERT INTO session_table (user_id, connected_at) VALUES (68, '2023-06-26 01:47:36');
INSERT INTO session_table (user_id, connected_at) VALUES (29, '2023-05-04 02:15:53');
INSERT INTO session_table (user_id, connected_at) VALUES (76, '2023-06-28 20:30:23');
INSERT INTO session_table (user_id, connected_at) VALUES (53, '2023-06-29 21:56:49');
INSERT INTO session_table (user_id, connected_at) VALUES (63, '2023-04-11 05:09:48');
INSERT INTO session_table (user_id, connected_at) VALUES (1, '2023-05-29 08:33:52');
INSERT INTO session_table (user_id, connected_at) VALUES (74, '2023-05-02 16:15:20');
INSERT INTO session_table (user_id, connected_at) VALUES (79, '2023-06-28 00:06:23');
INSERT INTO session_table (user_id, connected_at) VALUES (33, '2023-06-27 23:26:18');
INSERT INTO session_table (user_id, connected_at) VALUES (56, '2023-04-15 11:44:18');
INSERT INTO session_table (user_id, connected_at) VALUES (5, '2023-06-21 12:27:21');
INSERT INTO session_table (user_id, connected_at) VALUES (67, '2023-03-28 08:46:28');
INSERT INTO session_table (user_id, connected_at) VALUES (33, '2023-06-26 11:56:14');
INSERT INTO session_table (user_id, connected_at) VALUES (22, '2023-04-15 18:15:46');
INSERT INTO session_table (user_id, connected_at) VALUES (45, '2023-04-13 22:32:45');
INSERT INTO session_table (user_id, connected_at) VALUES (4, '2023-06-12 14:21:23');
INSERT INTO session_table (user_id, connected_at) VALUES (45, '2023-05-18 19:35:08');
INSERT INTO session_table (user_id, connected_at) VALUES (98, '2023-05-31 23:41:34');
INSERT INTO session_table (user_id, connected_at) VALUES (63, '2023-03-11 07:28:29');
INSERT INTO session_table (user_id, connected_at) VALUES (79, '2023-06-27 03:12:11');
INSERT INTO session_table (user_id, connected_at) VALUES (43, '2023-06-28 21:43:39');
INSERT INTO session_table (user_id, connected_at) VALUES (79, '2023-06-29 01:08:00');
INSERT INTO session_table (user_id, connected_at) VALUES (35, '2023-06-24 06:13:12');
INSERT INTO session_table (user_id, connected_at) VALUES (88, '2023-06-24 15:18:55');
INSERT INTO session_table (user_id, connected_at) VALUES (79, '2023-06-26 14:12:17');
INSERT INTO session_table (user_id, connected_at) VALUES (34, '2023-06-26 20:15:24');
INSERT INTO session_table (user_id, connected_at) VALUES (72, '2023-06-27 16:51:50');
INSERT INTO session_table (user_id, connected_at) VALUES (88, '2023-06-27 17:25:11');
INSERT INTO session_table (user_id, connected_at) VALUES (17, '2023-06-04 21:11:11');
INSERT INTO session_table (user_id, connected_at) VALUES (78, '2023-06-29 06:45:50');
INSERT INTO session_table (user_id, connected_at) VALUES (7, '2023-05-24 20:31:00');
INSERT INTO session_table (user_id, connected_at) VALUES (91, '2023-06-12 09:01:54');
INSERT INTO session_table (user_id, connected_at) VALUES (83, '2023-05-01 21:04:42');
INSERT INTO session_table (user_id, connected_at) VALUES (60, '2023-05-26 18:27:09');
INSERT INTO session_table (user_id, connected_at) VALUES (92, '2023-05-07 00:38:49');
INSERT INTO session_table (user_id, connected_at) VALUES (53, '2023-06-29 13:17:48');
INSERT INTO session_table (user_id, connected_at) VALUES (88, '2023-06-29 21:26:23');
INSERT INTO session_table (user_id, connected_at) VALUES (6, '2023-06-25 20:01:27');
INSERT INTO session_table (user_id, connected_at) VALUES (33, '2023-06-27 08:06:26');
INSERT INTO session_table (user_id, connected_at) VALUES (34, '2023-06-18 12:02:30');
INSERT INTO session_table (user_id, connected_at) VALUES (93, '2023-06-09 10:48:00');
INSERT INTO session_table (user_id, connected_at) VALUES (56, '2023-05-10 10:11:17');
INSERT INTO session_table (user_id, connected_at) VALUES (82, '2023-05-29 01:48:12');
INSERT INTO session_table (user_id, connected_at) VALUES (78, '2023-06-29 14:19:58');
INSERT INTO session_table (user_id, connected_at) VALUES (11, '2023-06-18 00:46:48');
INSERT INTO session_table (user_id, connected_at) VALUES (22, '2023-03-19 15:06:18');
INSERT INTO session_table (user_id, connected_at) VALUES (68, '2023-06-24 01:55:07');
INSERT INTO session_table (user_id, connected_at) VALUES (55, '2023-06-15 08:13:53');
INSERT INTO session_table (user_id, connected_at) VALUES (2, '2023-06-27 20:09:15');
INSERT INTO session_table (user_id, connected_at) VALUES (89, '2023-06-29 17:49:01');
INSERT INTO session_table (user_id, connected_at) VALUES (78, '2023-06-29 10:42:26');
INSERT INTO session_table (user_id, connected_at) VALUES (16, '2023-06-27 23:40:17');
INSERT INTO session_table (user_id, connected_at) VALUES (43, '2023-06-29 13:53:45');
INSERT INTO session_table (user_id, connected_at) VALUES (39, '2023-05-19 06:02:01');
INSERT INTO session_table (user_id, connected_at) VALUES (17, '2023-06-12 04:05:04');
INSERT INTO session_table (user_id, connected_at) VALUES (26, '2023-04-07 15:37:47');
INSERT INTO session_table (user_id, connected_at) VALUES (34, '2023-06-19 07:09:50');
INSERT INTO session_table (user_id, connected_at) VALUES (61, '2023-06-28 17:00:27');
INSERT INTO session_table (user_id, connected_at) VALUES (75, '2023-06-20 08:38:40');
INSERT INTO session_table (user_id, connected_at) VALUES (34, '2023-06-28 09:14:25');
INSERT INTO session_table (user_id, connected_at) VALUES (59, '2023-06-26 11:05:31');
INSERT INTO session_table (user_id, connected_at) VALUES (81, '2023-06-24 03:19:29');
INSERT INTO session_table (user_id, connected_at) VALUES (43, '2023-06-29 08:09:48');
INSERT INTO session_table (user_id, connected_at) VALUES (57, '2023-04-28 14:58:34');
INSERT INTO session_table (user_id, connected_at) VALUES (63, '2023-04-28 07:13:20');
INSERT INTO session_table (user_id, connected_at) VALUES (57, '2023-04-12 09:45:35');
INSERT INTO session_table (user_id, connected_at) VALUES (60, '2023-06-06 06:29:24');
INSERT INTO session_table (user_id, connected_at) VALUES (48, '2023-04-13 03:46:11');
INSERT INTO session_table (user_id, connected_at) VALUES (22, '2023-02-15 16:59:01');
INSERT INTO session_table (user_id, connected_at) VALUES (26, '2023-04-17 15:07:15');
INSERT INTO session_table (user_id, connected_at) VALUES (78, '2023-06-29 22:14:24');
INSERT INTO session_table (user_id, connected_at) VALUES (8, '2023-06-27 18:47:19');
INSERT INTO session_table (user_id, connected_at) VALUES (5, '2023-06-24 10:47:26');
INSERT INTO session_table (user_id, connected_at) VALUES (75, '2023-06-12 17:55:43');
INSERT INTO session_table (user_id, connected_at) VALUES (11, '2023-06-20 08:51:26');
INSERT INTO session_table (user_id, connected_at) VALUES (44, '2023-05-17 01:53:46');
INSERT INTO session_table (user_id, connected_at) VALUES (4, '2023-06-10 08:43:53');
INSERT INTO session_table (user_id, connected_at) VALUES (67, '2023-03-02 00:44:09');
INSERT INTO session_table (user_id, connected_at) VALUES (5, '2023-06-20 17:43:53');
INSERT INTO session_table (user_id, connected_at) VALUES (14, '2023-06-29 20:25:44');
INSERT INTO session_table (user_id, connected_at) VALUES (91, '2023-05-19 12:06:45');
INSERT INTO session_table (user_id, connected_at) VALUES (10, '2023-06-20 04:14:59');
INSERT INTO session_table (user_id, connected_at) VALUES (31, '2023-06-26 09:27:00');
INSERT INTO session_table (user_id, connected_at) VALUES (18, '2023-05-09 08:21:19');
INSERT INTO session_table (user_id, connected_at) VALUES (62, '2023-06-29 09:44:47');
INSERT INTO session_table (user_id, connected_at) VALUES (81, '2023-06-28 06:27:25');
INSERT INTO session_table (user_id, connected_at) VALUES (76, '2023-06-29 18:05:35');
INSERT INTO session_table (user_id, connected_at) VALUES (63, '2023-05-18 05:16:56');
INSERT INTO session_table (user_id, connected_at) VALUES (35, '2023-06-26 19:44:21');
INSERT INTO session_table (user_id, connected_at) VALUES (78, '2023-06-29 15:59:14');
INSERT INTO session_table (user_id, connected_at) VALUES (48, '2023-06-11 23:15:20');
INSERT INTO session_table (user_id, connected_at) VALUES (55, '2023-06-13 14:13:16');
INSERT INTO session_table (user_id, connected_at) VALUES (37, '2023-06-25 06:28:43');
INSERT INTO session_table (user_id, connected_at) VALUES (72, '2023-06-27 01:44:40');